test,masker,rho,range,observed,expected,target,rho_pos,rho_neg,null_expectation,p,passed,descriptor,degree,tau,tau_base,tau_no_anchor,tau_with_anchor,rel_change,usable,ci_lo,ci_hi,beta,n_units,n_per_unit,breakeven,n_star
smr_direction,construction,-0.28126988401098213,,,,,,,,,,,,,,,,,,,,,,,,
smr_direction,traffic,-0.28303872672521857,,,,,,,,,,,,,,,,,,,,,,,,
smr_direction,wind,-0.28961918504534534,,,,,,,,,,,,,,,,,,,,,,,,
smr_direction,water,-0.28353575673276776,,,,,,,,,,,,,,,,,,,,,,,,
smr_direction,bird,-0.08567284185973223,,,,,,,,,,,,,,,,,,,,,,,,
smr_direction,silence,-0.00024088539221200886,,,,,,,,,,,,,,,,,,,,,,,,
order_randomness,,,全部 51 位（第三版口径）,0.08723302863185094,0.05851357180762375,,,,,,,,,,,,,,,,,,,,,
order_randomness,,,仅位 2–44（真实验试次）,0.01526374750618798,0.013790734728431916,,,,,,,,,,,,,,,,,,,,,
positive_control,,,,,,pleasant,0.39605901719066977,0.3250544221488005,0.32573500793528,3.746381743555369e-06,True,,,,,,,,,,,,,,,
positive_control,,,,,,eventful,0.32505642649415645,0.31801873838693157,0.32573500793528,0.37925655771260514,False,,,,,,,,,,,,,,,
order_spec,,,,,,pleasant,,,,,,Navg_r,1.0,0.11619148052826342,0.11833116304219103,,,,,,,,,,,
order_spec,,,,,,pleasant,,,,,,Navg_r,2.0,0.1192537566391109,0.11833116304219103,,,,,,,,,,,
order_spec,,,,,,pleasant,,,,,,Navg_r,3.0,0.12014336772546967,0.11833116304219103,,,,,,,,,,,
order_spec,,,,,,pleasant,,,,,,Savg_r,1.0,0.10108437765671885,0.10148708253129823,,,,,,,,,,,
order_spec,,,,,,pleasant,,,,,,Savg_r,2.0,0.10074303779551518,0.10148708253129823,,,,,,,,,,,
order_spec,,,,,,pleasant,,,,,,Savg_r,3.0,0.10350855434244371,0.10148708253129823,,,,,,,,,,,
order_spec,,,,,,pleasant,,,,,,Ravg_r,1.0,0.1563312932178118,0.15467684939342133,,,,,,,,,,,
order_spec,,,,,,pleasant,,,,,,Ravg_r,2.0,0.15846987557927092,0.15467684939342133,,,,,,,,,,,
order_spec,,,,,,pleasant,,,,,,Ravg_r,3.0,0.15820358052875913,0.15467684939342133,,,,,,,,,,,
order_spec,,,,,,pleasant,,,,,,Favg_r,1.0,0.11867212690000736,0.11963874563073167,,,,,,,,,,,
order_spec,,,,,,pleasant,,,,,,Favg_r,2.0,0.11985631234636575,0.11963874563073167,,,,,,,,,,,
order_spec,,,,,,pleasant,,,,,,Favg_r,3.0,0.12519418237090393,0.11963874563073167,,,,,,,,,,,
order_spec,,,,,,eventful,,,,,,Navg_r,1.0,0.1887102448922768,0.18634615515835976,,,,,,,,,,,
order_spec,,,,,,eventful,,,,,,Navg_r,2.0,0.1895460530941285,0.18634615515835976,,,,,,,,,,,
order_spec,,,,,,eventful,,,,,,Navg_r,3.0,0.1928661427127966,0.18634615515835976,,,,,,,,,,,
order_spec,,,,,,eventful,,,,,,Savg_r,1.0,0.09834673279622988,0.10220617440444786,,,,,,,,,,,
order_spec,,,,,,eventful,,,,,,Savg_r,2.0,0.09769008462358328,0.10220617440444786,,,,,,,,,,,
order_spec,,,,,,eventful,,,,,,Savg_r,3.0,0.09662205302011627,0.10220617440444786,,,,,,,,,,,
order_spec,,,,,,eventful,,,,,,Ravg_r,1.0,0.19833634907778688,0.1942127937100958,,,,,,,,,,,
order_spec,,,,,,eventful,,,,,,Ravg_r,2.0,0.2000125202494285,0.1942127937100958,,,,,,,,,,,
order_spec,,,,,,eventful,,,,,,Ravg_r,3.0,0.20190809829380724,0.1942127937100958,,,,,,,,,,,
order_spec,,,,,,eventful,,,,,,Favg_r,1.0,0.1486812447351869,0.14788055255553204,,,,,,,,,,,
order_spec,,,,,,eventful,,,,,,Favg_r,2.0,0.1517758361813263,0.14788055255553204,,,,,,,,,,,
order_spec,,,,,,eventful,,,,,,Favg_r,3.0,0.1509288808821726,0.14788055255553204,,,,,,,,,,,
anchor_sensitivity,,,,,,pleasant,,,,,,Navg_r,,,,0.11833116304219103,0.13275276052862234,0.12187489005993526,,,,,,,,
anchor_sensitivity,,,,,,pleasant,,,,,,Savg_r,,,,0.10148708253129823,0.09715415711998002,-0.042694353835444614,,,,,,,,
anchor_sensitivity,,,,,,pleasant,,,,,,Ravg_r,,,,0.15467684939342133,0.15031687579710565,-0.028187628681432902,,,,,,,,
anchor_sensitivity,,,,,,pleasant,,,,,,Favg_r,,,,0.11963874563073167,0.12521627879254368,0.04661978970447609,,,,,,,,
anchor_sensitivity,,,,,,eventful,,,,,,Navg_r,,,,0.18634615515835976,0.15939578306679802,-0.14462531877118098,,,,,,,,
anchor_sensitivity,,,,,,eventful,,,,,,Savg_r,,,,0.10220617440444786,0.09021050026805147,-0.11736741157072755,,,,,,,,
anchor_sensitivity,,,,,,eventful,,,,,,Ravg_r,,,,0.1942127937100958,0.19482059178698197,0.0031295470564798407,,,,,,,,
anchor_sensitivity,,,,,,eventful,,,,,,Favg_r,,,,0.14788055255553204,0.1796790470016931,0.21502823661833498,,,,,,,,
tau,,,,,,pleasant,,,,,,Navg_r,,0.11833116304219103,,,,,True,0.10449204166074029,0.1327936746036789,-0.4546969000553088,749.0,42.0,0.14188736866924828,60.386310200927646
tau,,,,,,pleasant,,,,,,Savg_r,,0.10148708253129823,,,,,True,0.08442747229117421,0.11806317004280428,-0.04211414214188087,749.0,42.0,0.159052603318874,103.15952132683977
tau,,,,,,pleasant,,,,,,Ravg_r,,0.15467684939342133,,,,,True,0.13957166709752952,0.17037025522553567,-0.3742750658958917,749.0,42.0,0.17105582951987644,51.365842337268695
tau,,,,,,pleasant,,,,,,Favg_r,,0.11963874563073167,,,,,True,0.09985777748900038,0.13975765295288553,-0.03873336334644394,749.0,42.0,0.19957113622575412,116.86946294300616
tau,,,,,,pleasant,,,,,,smr,,0.08440478894539795,,,,,True,0.055573900504005576,0.10893840754168543,0.24137453119241012,744.0,21.0,0.20624435729138285,125.38606380946737
tau,,,,,,eventful,,,,,,Navg_r,,0.18634615515835976,,,,,True,0.17160599252735623,0.20194150418348727,0.2978559443457163,749.0,42.0,0.15040911401638615,27.362559790683473
tau,,,,,,eventful,,,,,,Savg_r,,0.10220617440444786,,,,,True,0.08529555098605653,0.11860119264970832,0.03737026718812751,749.0,42.0,0.15900307713635875,101.64969572852469
tau,,,,,,eventful,,,,,,Ravg_r,,0.1942127937100958,,,,,True,0.17817083766583522,0.2117481291845532,0.23146009370121318,749.0,42.0,0.1780703944258641,35.30832054499314
tau,,,,,,eventful,,,,,,Favg_r,,0.14788055255553204,,,,,True,0.12860680512864572,0.1677234045080037,0.22978900076109904,749.0,42.0,0.19697298435840782,74.51444843672225
tau,,,,,,eventful,,,,,,smr,,0.1291326381848915,,,,,False,0.10558035661864369,0.1520755282598772,-0.006311283068529483,744.0,21.0,0.2151457688851273,58.292524820026564
