subject,status,n_trials,hab_rho,hab_p,lock_p,mean_scr,mean_random,hab_pass,lock_pass
SUB103,ok,37,0.07681365576102417,0.6826347305389222,0.5118901821188047,1.0672218439371935e-07,1.2753656886456495e-07,False,False
SUB119,ok,37,0.44144144144144143,0.9920159680638723,0.13061491127882618,4.415501865426252e-07,3.9103626413436805e-07,False,False
SUB120,ok,37,-0.04125177809388335,0.4291417165668663,0.4466426916915225,6.74787390510124e-07,2.5492487627398463e-07,False,False
SUB136,ok,39,-0.49736842105263157,0.001996007984031936,0.264798154374148,1.3189409261968016e-07,1.1518965174866073e-07,True,False
SUB141,ok,39,0.4900809716599191,1.0,0.5954043320762139,1.5955838656901422e-08,1.9317226818930154e-07,False,False
SUB148,ok,39,0.05526315789473685,0.6007984031936128,0.9099404962744302,1.218306672003417e-06,1.3239707300484427e-06,False,False
SUB153,ok,38,-0.0918043549622497,0.3153692614770459,0.6453625844078488,4.197466452782314e-07,5.369721755440196e-07,False,False
SUB157,ok,38,0.30495677864098913,0.9700598802395209,0.579524730284902,7.600830255983915e-07,8.061138156666574e-07,False,False
SUB161,ok,39,-0.011133603238866398,0.5089820359281437,0.584672943366968,2.7270819663235814e-07,4.0257363000936535e-07,False,False
SUB170,ok,39,0.2396761133603239,0.9421157684630739,0.8176401609289314,8.854704934502173e-07,8.792998902676084e-07,False,False
SUB175,ok,39,0.5997975708502025,1.0,0.2974723220941087,3.7807386987770867e-07,1.9513378505598098e-07,False,False
SUB181,ok,38,-0.4456723930408141,0.007984031936127744,0.8724306072108448,1.6669912788285425e-07,1.845826157459757e-07,True,False
SUB193,ok,39,-0.06336032388663967,0.3413173652694611,0.2879551738351438,1.1600166687312581e-07,1.2534079064140468e-07,False,False
SUB195,ok,39,-0.3625506072874494,0.00998003992015968,0.6478695820787834,1.0463469516054026e-06,6.140484797964573e-07,True,False
SUB200,ok,39,0.24676113360323887,0.9461077844311377,0.9700045705158118,3.516070697416065e-08,3.6464083375584606e-07,False,False
SUB202,ok,39,0.291497975708502,0.9660678642714571,0.20925018539674056,1.4130230663679576e-06,1.2677980399486394e-06,False,False
SUB208,ok,38,-0.14542072436809278,0.18762475049900199,0.3440097805214464,4.742653781375879e-07,1.341358428399342e-07,False,False
SUB211,ok,37,0.003793266951161688,0.5109780439121756,0.6940158953220816,3.5188191193063277e-07,2.772451962438328e-07,False,False
SUB222,ok,39,0.03502024291497976,0.5608782435129741,0.590046877056011,2.088257838733945e-07,3.6987769025033726e-07,False,False
SUB223,ok,37,0.08629682313892839,0.6826347305389222,0.6000350122340024,1.363660079284998e-07,4.062668645651661e-07,False,False
SUB228,ok,38,0.2800087536929642,0.9520958083832335,0.8978102020082588,2.9087261748509607e-06,4.397074950786555e-07,False,False
SUB230,ok,38,0.7509574351679614,1.0,0.7072061313228915,4.780854441751008e-07,4.3836260323236155e-07,False,False
SUB236,ok,38,0.09136667031403872,0.6846307385229541,0.11298746638203738,1.19809410757868e-06,8.56026797137258e-07,False,False
SUB246,ok,39,-0.0556962096710416,0.36926147704590817,0.678143562958212,8.58844805296982e-09,7.053682878580975e-08,False,False
SUB249,ok,34,-0.4707410236822001,0.003992015968063872,0.06687903119018301,9.586716370802758e-06,7.919451324304902e-06,True,False
SUB256,ok,39,0.20809716599190284,0.9161676646706587,0.36244061203615274,3.687031488685452e-07,3.40885597994223e-07,False,False
SUB267,ok,39,0.011336032388663967,0.5389221556886228,0.43153814961806347,6.36585112375707e-07,8.78346166659036e-07,False,False
SUB275,ok,39,0.013562753036437248,0.5449101796407185,0.5630316215483617,8.517616915743179e-06,8.949403077633306e-06,False,False
SUB314,too_few_trials,0,,,,,,,
SUB318,ok,38,-0.2003501477185688,0.1157684630738523,0.9989204826415516,-7.303384771048106e-08,6.177798643928957e-07,False,False
SUB320,ok,39,0.29554655870445345,0.9600798403193613,0.5412043260512291,4.7676757495860925e-07,4.286750110305729e-07,False,False
SUB322,ok,38,-0.2583433636065215,0.05588822355289421,0.6871310681672185,5.039546693672717e-07,6.146482543496902e-07,False,False
SUB330,ok,37,0.29658605974395447,0.9680638722554891,0.4231722247059224,1.5329813672175354e-07,-1.4776792794590044e-08,False,False
SUB333,ok,37,0.520388809862494,1.0,0.34910284451325424,4.119137203790836e-07,3.0062130609958807e-07,False,False
SUB336,ok,39,0.13097165991902834,0.7884231536926147,0.027174196469786693,2.1110476625538067e-06,5.837037996682702e-07,False,True
SUB340,ok,38,0.4375752270489112,1.0,0.5739107861627417,7.025642294343309e-07,6.582693304458571e-07,False,False
SUB348,ok,38,0.010176168070904913,0.5269461077844312,0.6612598561332561,3.71825159286334e-07,5.361805296831831e-07,False,False
SUB356,too_few_trials,3,,,,,,,
SUB370,ok,39,0.1742914979757085,0.8662674650698603,0.9166171282304276,2.501214667525528e-06,9.618754829211755e-07,False,False
SUB375,ok,37,0.1683262209577999,0.8403193612774451,0.9254678280776716,1.6595677564949225e-07,1.8667873669628543e-07,False,False
SUB383,ok,37,0.08345187292555711,0.6766467065868264,0.7346581298916135,1.7307916241904842e-07,2.3070347011146076e-07,False,False
SUB388,ok,38,0.5194222562643614,1.0,0.6559902194785536,1.2698248585729617e-06,1.4324940573332897e-06,False,False
SUB391,ok,37,0.5962541488857278,1.0,0.042761072087159846,1.7142460617261747e-08,1.0602119864700601e-08,False,True
SUB403,ok,39,0.6755060728744939,1.0,0.05860443571873475,1.1296967809384838e-06,5.295325452208032e-07,False,False
SUB404,ok,38,0.19925593609804135,0.8802395209580839,0.4543569355919317,6.009080683666508e-07,5.615187287249058e-07,False,False
SUB405,ok,39,0.17732793522267204,0.8303393213572854,0.9028842784828157,6.08877576173471e-07,2.3290033370429164e-06,False,False
SUB407,ok,38,0.11346974504869242,0.7644710578842315,0.7266757367033279,2.037563771682183e-06,1.904327911478533e-06,False,False
SUB410,ok,38,-0.024182076813655765,0.46506986027944114,0.22323760436847806,2.65512466273573e-07,3.2254157760731085e-07,False,False
SUB431,too_few_trials,0,,,,,,,
SUB444,ok,38,-0.1462960936645147,0.18762475049900199,0.37622014137741644,1.1053366162737165e-07,2.3086067563514103e-08,False,False
SUB456,ok,39,-0.24190283400809717,0.0658682634730539,0.45879567394877085,1.5923508700334843e-07,3.068084938015508e-07,False,False
SUB457,ok,39,0.1257085020242915,0.7704590818363274,0.8249170788203628,1.0148638513172225e-05,1.1848411000409806e-05,False,False
SUB465,ok,38,-0.36732684101105156,0.013972055888223553,0.060811361552623566,3.502771285095723e-07,1.8097396292231703e-07,True,False
SUB502,ok,37,-0.14532954006638218,0.1936127744510978,0.7724308375909459,3.084565558190956e-07,5.033742884037412e-07,False,False
SUB503,ok,39,-0.3253036437246964,0.031936127744510975,0.13527570330734306,1.13744255034866e-06,1.0465874527793792e-06,True,False
SUB504,ok,39,0.15668016194331985,0.8183632734530938,0.8139334933530336,1.895057810393881e-07,2.178734347260176e-07,False,False
SUB553,too_few_trials,0,,,,,,,
SUB555,too_few_trials,0,,,,,,,
SUB556,ok,38,0.41612867928657404,0.9940119760479041,0.6183215502896928,2.0623958740457069e-07,9.160319208908059e-07,False,False
SUB560,ok,38,0.12660028449502134,0.7844311377245509,0.3981877734186128,1.909553179197526e-07,2.0934552758034296e-07,False,False
SUB568,ok,38,0.4660247291826239,0.9960079840319361,0.08975025240943069,4.983700930374756e-07,3.817823000050954e-07,False,False
SUB570,ok,39,-0.1410931174089069,0.17964071856287425,0.16107806530089874,1.0126403561316135e-05,9.408456667930319e-06,False,False
SUB572,ok,39,0.4858299595141701,1.0,0.3886315793806716,1.289440803953417e-06,4.4398761236698747e-07,False,False
SUB575,ok,38,-0.7257905678958311,0.001996007984031936,0.09458719046233455,2.9334499360680367e-07,3.901974379232966e-08,True,False
SUB576,ok,38,-0.2668782142466353,0.05588822355289421,0.5114336621918483,1.0936982522047773e-07,8.73445946077838e-08,False,False
SUB577,ok,37,0.3596491228070175,0.9840319361277445,0.04714602923922939,3.8063436026026387e-07,-1.721105026182804e-07,False,True
SUB589,ok,39,-0.14736842105263157,0.18762475049900199,0.9430376358723151,1.0884812962933383e-07,1.3651329887572007e-07,False,False
SUB603,too_few_trials,16,,,,,,,
SUB608,ok,38,0.12091038406827881,0.7465069860279441,0.6612598561332561,6.21679956232179e-07,6.727971669405921e-07,False,False
SUB614,ok,38,0.4189736294999453,0.998003992015968,0.7810475205405965,2.1348014684847299e-07,2.778493682269958e-07,False,False
SUB621,ok,39,0.49797570850202433,1.0,0.9397174596542754,2.2922630397669575e-07,3.1988153818442676e-07,False,False
SUB644,ok,39,-0.42793522267206474,0.005988023952095809,0.20134395500645041,2.8823740473836184e-06,1.99268733786216e-06,True,False
SUB653,ok,39,0.601417004048583,1.0,0.07505559604214795,1.7263678661415498e-06,8.133187760469287e-07,False,False
SUB665,ok,38,0.4229127913338439,0.998003992015968,0.17495889315614477,1.222576585261155e-09,9.092913470096272e-10,False,False
SUB667,ok,39,-0.11072874493927126,0.2554890219560878,0.2974723220941087,3.4265033066308073e-07,2.7324372488223917e-07,False,False
SUB668,too_few_trials,0,,,,,,,
SUB672,ok,38,0.36776452565926243,0.9940119760479041,0.9940224711644987,1.0694166206734381e-05,1.234439049192654e-05,False,False
SUB676,ok,37,-0.14129919393077284,0.1996007984031936,0.9673732417213614,1.6439982016914793e-07,5.295251470563797e-07,False,False
SUB683,ok,38,0.20341394025604553,0.874251497005988,0.9029252245127282,9.006515617433471e-08,1.4416963925932066e-07,False,False
SUB688,ok,37,0.286628733997155,0.9660678642714571,0.3218875874663354,4.0678788647764025e-07,2.776279394712469e-07,False,False
SUB700,ok,39,-0.07935222672064778,0.3213572854291417,0.6631356895086356,1.6965339644287714e-06,6.234351406921596e-07,False,False
SUB721,ok,37,-0.11972498814604077,0.23952095808383234,0.2904298110952368,1.8554747375663284e-07,2.2486626087247293e-07,False,False
SUB758,ok,38,0.1417004048582996,0.7964071856287425,0.990456662424549,1.888958456568289e-07,2.905596444262077e-07,False,False
SUB778,ok,38,0.5023525549841339,1.0,0.4771418470045319,2.6705648567331005e-06,7.230753695300312e-06,False,False
SUB790,ok,38,0.06663748769011926,0.6467065868263473,0.6400064189074328,2.3142329691439378e-07,5.687663160533141e-07,False,False
SUB797,ok,38,0.3272786956997483,0.9740518962075848,0.5907042752260168,6.198255605467836e-07,7.946750459016408e-07,False,False
SUB812,ok,38,0.3309990152095415,0.9700598802395209,0.16042670876777265,8.614067058027156e-07,7.232127290640225e-07,False,False
SUB817,ok,38,0.4419520735310209,1.0,0.4828523733813199,6.514330079955282e-07,3.9811404882032e-07,False,False
SUB821,too_few_trials,0,,,,,,,
SUB829,ok,37,0.4198672356567093,0.9900199600798403,0.2098540469451109,4.315957089371436e-07,3.9605310921388324e-07,False,False
SUB854,ok,37,-0.19203413940256045,0.09580838323353294,0.8111365368968109,2.3522033103142565e-06,3.830090134845582e-06,False,False
SUB869,ok,37,-0.022048364153627306,0.4491017964071856,0.8877043022948783,1.0602202498937746e-05,1.1303079166954135e-05,False,False
SUB900,ok,38,0.733887733887734,1.0,0.03363934671506286,3.773878893470796e-07,2.578098798240145e-07,False,True
SUB911,ok,39,-0.00020242914979757084,0.4930139720558882,0.7867306960270071,1.1986925122405603e-07,1.650794190079598e-07,False,False
SUB915,ok,38,-0.03993872414925046,0.3932135728542914,0.06260657294114935,6.401183009004302e-07,2.845684293608227e-07,False,False
SUB920,ok,39,0.19716599190283401,0.8762475049900199,0.321856437041788,1.7092921541391408e-07,1.515368871247562e-07,False,False
SUB938,ok,38,0.20056899004267426,0.8542914171656687,0.7454967384401243,1.1597221644106594e-06,1.2461186427149573e-06,False,False
SUB948,ok,39,-0.04230769230769231,0.4311377245508982,0.9974063440895407,1.0906866753360318e-07,5.310895177552063e-07,False,False
SUB959,ok,39,-0.05850202429149798,0.37325349301397204,0.590046877056011,1.039306627939417e-07,1.8730095223969656e-07,False,False
SUB969,ok,39,0.008502024291497975,0.5568862275449101,0.9269259568482084,2.5287038078421426e-06,4.917759198930754e-06,False,False
SUB977,ok,38,0.06707517233833024,0.656686626746507,0.5626399889952154,1.7413140801793315e-07,1.8669964086700783e-07,False,False
SUB997,ok,38,0.43779406937301674,0.9960079840319361,0.8630935907822277,1.1760910873769726e-08,3.7976877553029e-07,False,False
