corpus,role,units,hours,hours_note,subjective,objective,grain
DEAM,音频训练语料,1802 段音乐（分析 1233）,25.138521982487323,抽样 120/1802 外推,逐首 valence（愉悦度）与 arousal（唤醒度），9 点量表，另有逐 0.5 s 的动态标注,—,标注覆盖 1744 首，每首多名标注者取均值
PMEmo,音频训练语料 + 皮电,794 段副歌（分析 717）· 401 名皮电受试,8.31025001196775,抽样 120/794 外推,逐首 valence 与 arousal（767 首静态均值），另有 36434 行逐 0.5 s 动态标注,皮肤电导（EDA），50 Hz，7960 个「人×歌」观测，合计 84.2 小时记录,每首约 10 人评分与聆听；每人听 15–20 首
Emo-Soundscapes,音频训练语料（环境声端）,1321 段环境声（分析 1213）,2.2520748319823687,抽样 120/1321 外推,逐段 valence 与 arousal，成对比较法排序后转为量表值,—,每段多名评定者；源自 Freesound
Soundtracks,音频外部验证语料,360 段电影配乐（分析 360）,1.7497353174603176,抽样 120/360 外推,**8 个维度**：valence、energy（唤醒）、tension、anger、fear、happy、sad、tender —— 比其余语料的 2 维更细,—,每段多名评定者；仅限学术用途
ESC-50,混淆对照,2000 段环境声,2.7777777777777777,抽样 120/2000 外推,无情绪量表；只有 50 个声音**类别**标签,—,每类 40 段
ds002721,生理主分析（脑电）,31 名受试 · 185 个 run,,见备注,听者对每段音乐的自评（愉悦度/唤醒度）,头皮脑电；12 s 音乐片段；含刺激与反应事件标记,每人约 30 个评分试次；事件行合计约 90444（前 200 个 run）
BIRAFFE2,生理旁证（皮电）,94 名参与者,,见备注,情绪自评（效价/唤醒），以及游戏化任务中的反应,皮肤电导、心率、面部；伴随声音与图像刺激,逐参与者文件 104 个
ds003690,设计需求实测（脑电+心电+瞳孔）,75 名受试 · 375 个 run,47.078361666666645,按 events.tsv 末次事件时刻累加,无情绪量表；只有按键反应时,64 通道脑电 + 心电（EKG）+ 双眼瞳孔直径，500 Hz；纯音 250 ms（cue 1500 / go 1700 / no-go 1300 / error 1000 Hz）,每人约 270 个听觉事件（主动 240 + 被动 30）；年龄 19–70 岁，Young 36 / Older 39
ARAUS,⚠️ 许可未核实，未用于任何结论,—,,—,城市声景的舒适度评定,—,—
