r_true,n_trials,power,se,threshold
0.1,30,0.04,0.008763560920082658,0.18596218020022226
0.1,60,0.082,0.012269963325128565,0.10710752986940811
0.1,120,0.046,0.00936845771725528,0.09395444128064447
0.1,250,0.072,0.011559930795640603,0.06916795468727492
0.1,500,0.126,0.01484075469779081,0.05497454789819156
0.1,1000,0.252,0.019416281827373642,0.041120797520797454
0.1,2000,0.404,0.021944657664224338,0.036827465981866495
0.1,5000,0.81,0.01754422982065613,0.023145985473039404
0.2,30,0.06,0.010620734437881401,0.18596218020022226
0.2,60,0.092,0.012925633446759968,0.10710752986940811
0.2,120,0.124,0.014739335127474372,0.09395444128064447
0.2,250,0.198,0.01782111107647332,0.06916795468727492
0.2,500,0.428,0.022127629787213995,0.05497454789819156
0.2,1000,0.696,0.020571047615520217,0.041120797520797454
0.2,2000,0.928,0.0115599307956406,0.036827465981866495
0.2,5000,0.99,0.0044497190922574,0.023145985473039404
0.3,30,0.072,0.011559930795640603,0.18596218020022226
0.3,60,0.134,0.015234434679370286,0.10710752986940811
0.3,120,0.222,0.018585801031970616,0.09395444128064447
0.3,250,0.458,0.022281651644346298,0.06916795468727492
0.3,500,0.77,0.018820201911775546,0.05497454789819156
0.3,1000,0.942,0.010453324829928518,0.041120797520797454
0.3,2000,0.998,0.001997998998998749,0.036827465981866495
0.3,5000,1.0,0.0,0.023145985473039404
0.4,30,0.1,0.01341640786499874,0.18596218020022226
0.4,60,0.24,0.019099738218101316,0.10710752986940811
0.4,120,0.43,0.022140460699813815,0.09395444128064447
0.4,250,0.74,0.019616319736382767,0.06916795468727492
0.4,500,0.922,0.01199299795714149,0.05497454789819156
0.4,1000,0.994,0.0034536936748935927,0.041120797520797454
0.4,2000,0.998,0.001997998998998749,0.036827465981866495
0.4,5000,1.0,0.0,0.023145985473039404
