rep,model,source,target,cross_domain,method,k,rho,ci_lo,ci_hi
a,ridge,reg_deam,reg_pmemo,False,none,0,0.7553058447031793,0.7215456358262367,0.7865406657849218
a,rf,reg_deam,reg_pmemo,False,none,0,0.7420557498819867,0.7094151592881818,0.772680704977124
a,ridge,reg_deam,reg_pmemo,False,zscore,0,0.7300671246026207,0.6924327502044884,0.760041621238875
a,rf,reg_deam,reg_pmemo,False,zscore,0,0.5505629834194313,0.49746385305481955,0.6035608776524634
a,ridge,reg_deam,reg_pmemo,False,coral_diag,0,0.7725232863882383,0.7375796733524752,0.7991910298126623
a,rf,reg_deam,reg_pmemo,False,coral_diag,0,0.5972371285268832,0.5504531485107524,0.6444775954638845
a,ridge,reg_deam,reg_pmemo,False,coral,0,0.6133938019574593,0.5685857280158355,0.6574662707948407
a,rf,reg_deam,reg_pmemo,False,coral,0,0.6063378011620412,0.5673255010094727,0.6515928300833753
a,ridge,reg_deam,reg_pmemo,False,coral_sham,0,0.7662675345564146,0.7332252482917676,0.7903980220860107
a,rf,reg_deam,reg_pmemo,False,coral_sham,0,0.5855158933052803,0.5268598656149074,0.6305407379650355
a,ridge,reg_deam,reg_pmemo,False,sa,0,0.6485915195464395,0.59693531535704,0.6940781799936968
a,rf,reg_deam,reg_pmemo,False,sa,0,0.6099777771502187,0.5575795930112167,0.6586090981912565
a,ridge,reg_deam,reg_pmemo,False,fewshot,10,0.7609548861623618,0.7587341587118507,0.763175613612873
a,ridge,reg_deam,reg_pmemo,False,fewshot,25,0.7679174148547256,0.7640739076205381,0.7717609220889132
a,ridge,reg_deam,reg_pmemo,False,fewshot,50,0.7716939395641014,0.7667424168987563,0.7766454622294464
a,ridge,reg_deam,reg_pmemo,False,fewshot,100,0.7856671928965199,0.7782235139785049,0.7931108718145349
a,ridge,reg_deam,reg_pmemo,False,fewshot,200,0.7982727191153793,0.7896487358529417,0.806896702377817
a,ridge,reg_deam,reg_soundtracks,False,none,0,0.7282884498887248,0.6747217320281298,0.768874003579419
a,rf,reg_deam,reg_soundtracks,False,none,0,0.6851344598349652,0.6268492432321093,0.7389005549184474
a,ridge,reg_deam,reg_soundtracks,False,zscore,0,0.6543425806332234,0.5838359064268246,0.7034156773449183
a,rf,reg_deam,reg_soundtracks,False,zscore,0,0.6466137689118459,0.5764756138391428,0.6953805946118049
a,ridge,reg_deam,reg_soundtracks,False,coral_diag,0,0.648259357452789,0.5697934727013625,0.703477290331578
a,rf,reg_deam,reg_soundtracks,False,coral_diag,0,0.6463078582215424,0.5839574633257387,0.7109055074074705
a,ridge,reg_deam,reg_soundtracks,False,coral,0,0.6612305882032873,0.6024177284397979,0.7184275769721703
a,rf,reg_deam,reg_soundtracks,False,coral,0,0.6612452533919729,0.597847555616811,0.7220374410488813
a,ridge,reg_deam,reg_soundtracks,False,coral_sham,0,0.7105318651564767,0.6540948934296672,0.7641643042451772
a,rf,reg_deam,reg_soundtracks,False,coral_sham,0,0.6129571608781572,0.5264939537427042,0.6829031968633381
a,ridge,reg_deam,reg_soundtracks,False,sa,0,0.5521048609208744,0.4672771410377488,0.6177327230136115
a,rf,reg_deam,reg_soundtracks,False,sa,0,0.4957536161120483,0.41900990109189934,0.578784146840962
a,ridge,reg_deam,reg_soundtracks,False,fewshot,10,0.7320556626766151,0.72463182124371,0.7394795041095203
a,ridge,reg_deam,reg_soundtracks,False,fewshot,25,0.7392939699003223,0.7286607961340997,0.7499271436665448
a,ridge,reg_deam,reg_soundtracks,False,fewshot,50,0.7556354117831601,0.7425450066379099,0.7687258169284102
a,ridge,reg_deam,reg_soundtracks,False,fewshot,100,0.7682779794729623,0.7543250685625674,0.7822308903833571
a,ridge,reg_deam,reg_emo_mix,True,none,0,0.1930685350196608,0.13503129597304278,0.2477185992737921
a,rf,reg_deam,reg_emo_mix,True,none,0,0.13443097901839163,0.08860729055529096,0.19406178879953914
a,ridge,reg_deam,reg_emo_mix,True,zscore,0,0.3630118300797466,0.3070454677066158,0.4202254619120667
a,rf,reg_deam,reg_emo_mix,True,zscore,0,0.18328002325221432,0.13585289851453441,0.23279373735509995
a,ridge,reg_deam,reg_emo_mix,True,coral_diag,0,0.3011709358266598,0.2329252863983174,0.35860647980752
a,rf,reg_deam,reg_emo_mix,True,coral_diag,0,0.16313691649343254,0.10066048053771687,0.2115090948409431
a,ridge,reg_deam,reg_emo_mix,True,coral,0,0.2553007941241161,0.2021137567337821,0.30718508603417666
a,rf,reg_deam,reg_emo_mix,True,coral,0,0.18268217121780594,0.13006206650991245,0.2372476866193698
a,ridge,reg_deam,reg_emo_mix,True,coral_sham,0,0.21979107001394685,0.16427187366478924,0.2773290402812993
a,rf,reg_deam,reg_emo_mix,True,coral_sham,0,0.10823275714527444,0.051037655834796206,0.16261926512066427
a,ridge,reg_deam,reg_emo_mix,True,sa,0,0.18303525549294333,0.12500058227706812,0.22669526109563154
a,rf,reg_deam,reg_emo_mix,True,sa,0,0.11513197459778013,0.07219775178234135,0.17572013069030995
a,ridge,reg_deam,reg_emo_mix,True,fewshot,10,0.2878579763085364,0.2396301083678636,0.3360858442492092
a,ridge,reg_deam,reg_emo_mix,True,fewshot,25,0.37692838661185774,0.31953669540683294,0.43432007781688253
a,ridge,reg_deam,reg_emo_mix,True,fewshot,50,0.47369192519153225,0.4321868360952289,0.5151970142878356
a,ridge,reg_deam,reg_emo_mix,True,fewshot,100,0.5552020422456443,0.5310463088750954,0.5793577756161932
a,ridge,reg_deam,reg_emo_mix,True,fewshot,200,0.6059154646907835,0.5853079884306739,0.6265229409508931
a,ridge,reg_deam,reg_deam,False,within,0,0.7310153259137547,,
a,rf,reg_deam,reg_deam,False,within,0,0.7271349127509854,,
a,ridge,reg_pmemo,reg_deam,False,none,0,0.6750432662606609,0.639400526622113,0.7079501365128618
a,rf,reg_pmemo,reg_deam,False,none,0,0.6470302864969047,0.6090569515409301,0.6788076169036596
a,ridge,reg_pmemo,reg_deam,False,zscore,0,0.6550696856869102,0.6189916874431862,0.6841328278437288
a,rf,reg_pmemo,reg_deam,False,zscore,0,0.658723706570498,0.6195338801138658,0.6954394064924302
a,ridge,reg_pmemo,reg_deam,False,coral_diag,0,0.6703016333165054,0.6397047034312808,0.7006455419980405
a,rf,reg_pmemo,reg_deam,False,coral_diag,0,0.6624848388469385,0.6305971459641854,0.6918052701993613
a,ridge,reg_pmemo,reg_deam,False,coral,0,0.564782872096012,0.5195963254591316,0.6001610582123952
a,rf,reg_pmemo,reg_deam,False,coral,0,0.5707228975910685,0.5322948232893211,0.6070257593921234
a,ridge,reg_pmemo,reg_deam,False,coral_sham,0,0.478099989484616,0.4385292455097495,0.521878101459534
a,rf,reg_pmemo,reg_deam,False,coral_sham,0,0.5107871913308774,0.47290022692585315,0.5448317952757255
a,ridge,reg_pmemo,reg_deam,False,sa,0,0.5984888856225984,0.5586770589432689,0.6313703512840756
a,rf,reg_pmemo,reg_deam,False,sa,0,0.481154247399687,0.4331665109225151,0.5207083476816494
a,ridge,reg_pmemo,reg_deam,False,fewshot,10,0.6736458263039227,0.6691494889844165,0.6781421636234288
a,ridge,reg_pmemo,reg_deam,False,fewshot,25,0.6706782954124811,0.6641563729071593,0.6772002179178029
a,ridge,reg_pmemo,reg_deam,False,fewshot,50,0.6715644442084278,0.6617990808284548,0.6813298075884007
a,ridge,reg_pmemo,reg_deam,False,fewshot,100,0.680413747050355,0.6685550446364052,0.6922724494643047
a,ridge,reg_pmemo,reg_deam,False,fewshot,200,0.6955713822371886,0.6866676727342871,0.7044750917400902
a,ridge,reg_pmemo,reg_soundtracks,False,none,0,0.6605144381558021,0.5974306579045264,0.71489759685789
a,rf,reg_pmemo,reg_soundtracks,False,none,0,0.5310258390992785,0.43567261761577963,0.6017950256837876
a,ridge,reg_pmemo,reg_soundtracks,False,zscore,0,0.47043069451201946,0.36381835556921754,0.5465555971842349
a,rf,reg_pmemo,reg_soundtracks,False,zscore,0,0.5517797825716747,0.4746966024763672,0.6216648070169
a,ridge,reg_pmemo,reg_soundtracks,False,coral_diag,0,0.4975039192458876,0.40881297053422794,0.5764994429470135
a,rf,reg_pmemo,reg_soundtracks,False,coral_diag,0,0.5713953729328447,0.48874635974346137,0.6376820622494942
a,ridge,reg_pmemo,reg_soundtracks,False,coral,0,0.3486554701361516,0.23653099996772206,0.43891906614254206
a,rf,reg_pmemo,reg_soundtracks,False,coral,0,0.3151024189173051,0.2271096887483155,0.40802991446289066
a,ridge,reg_pmemo,reg_soundtracks,False,coral_sham,0,0.4830857232117332,0.4033214794958286,0.5719611850820794
a,rf,reg_pmemo,reg_soundtracks,False,coral_sham,0,0.4102483621220625,0.32011004744751237,0.4955160455186983
a,ridge,reg_pmemo,reg_soundtracks,False,sa,0,0.42927181332954567,0.3499013496840542,0.5061366764931986
a,rf,reg_pmemo,reg_soundtracks,False,sa,0,0.15123771708745135,0.041015107634179586,0.24424651939729258
a,ridge,reg_pmemo,reg_soundtracks,False,fewshot,10,0.6659456497756746,0.6491207985930029,0.6827705009583463
a,ridge,reg_pmemo,reg_soundtracks,False,fewshot,25,0.6769100200948872,0.6547955181654099,0.6990245220243645
a,ridge,reg_pmemo,reg_soundtracks,False,fewshot,50,0.6957314778514714,0.6725381057190775,0.7189248499838653
a,ridge,reg_pmemo,reg_soundtracks,False,fewshot,100,0.7322827261844161,0.7066593935633778,0.7579060588054545
a,ridge,reg_pmemo,reg_emo_mix,True,none,0,-0.043385390412224084,-0.09594645655060333,0.014830790526155465
a,rf,reg_pmemo,reg_emo_mix,True,none,0,-0.029862466734441474,-0.08571874287003424,0.03264311250817152
a,ridge,reg_pmemo,reg_emo_mix,True,zscore,0,0.06875270829109678,0.01940156784482989,0.12817107038271666
a,rf,reg_pmemo,reg_emo_mix,True,zscore,0,-0.012918005184145438,-0.06878209726863091,0.05292783416499178
a,ridge,reg_pmemo,reg_emo_mix,True,coral_diag,0,0.059810631936371,0.005996790887059985,0.11944563660421567
a,rf,reg_pmemo,reg_emo_mix,True,coral_diag,0,-0.035731887268177526,-0.09344176393447103,0.01696956495074602
a,ridge,reg_pmemo,reg_emo_mix,True,coral,0,0.11981729256165206,0.06857810501812665,0.17133237936678256
a,rf,reg_pmemo,reg_emo_mix,True,coral,0,0.08769047612276036,0.03758054670179995,0.1454470353976682
a,ridge,reg_pmemo,reg_emo_mix,True,coral_sham,0,-0.12090396405569873,-0.181045551102317,-0.05954888260319566
a,rf,reg_pmemo,reg_emo_mix,True,coral_sham,0,0.060778894854320704,0.01213984016317138,0.1172973189182547
a,ridge,reg_pmemo,reg_emo_mix,True,sa,0,0.1261895310023283,0.06652749850260711,0.17327710790830572
a,rf,reg_pmemo,reg_emo_mix,True,sa,0,-0.006810843009020439,-0.062216602216942675,0.04937667459222458
a,ridge,reg_pmemo,reg_emo_mix,True,fewshot,10,0.16919927238552884,0.06862735576274855,0.26977118900830915
a,ridge,reg_pmemo,reg_emo_mix,True,fewshot,25,0.2893906966067016,0.22022681414894266,0.35855457906446053
a,ridge,reg_pmemo,reg_emo_mix,True,fewshot,50,0.40915910774899544,0.35825640856549595,0.46006180693249493
a,ridge,reg_pmemo,reg_emo_mix,True,fewshot,100,0.5369232597423269,0.5065637750860494,0.5672827443986044
a,ridge,reg_pmemo,reg_emo_mix,True,fewshot,200,0.6106744012769395,0.5843360541999902,0.6370127483538888
a,ridge,reg_pmemo,reg_pmemo,False,within,0,0.8231327614188725,,
a,rf,reg_pmemo,reg_pmemo,False,within,0,0.8018044530347088,,
a,ridge,reg_soundtracks,reg_deam,False,none,0,0.6342821481738383,0.5974095066284679,0.6625248551352568
a,rf,reg_soundtracks,reg_deam,False,none,0,0.6373716659235973,0.6016118848122627,0.6745085316024054
a,ridge,reg_soundtracks,reg_deam,False,zscore,0,0.6460704140971362,0.615879219076034,0.6773563407933711
a,rf,reg_soundtracks,reg_deam,False,zscore,0,0.5925575942444063,0.5525231754538035,0.6257384689767406
a,ridge,reg_soundtracks,reg_deam,False,coral_diag,0,0.655536327011325,0.6233459740263315,0.6887939088821113
a,rf,reg_soundtracks,reg_deam,False,coral_diag,0,0.588290683603759,0.5560891860133904,0.6228776912154692
a,ridge,reg_soundtracks,reg_deam,False,coral,0,0.5932320486397312,0.5578901251379371,0.6266237527838455
a,rf,reg_soundtracks,reg_deam,False,coral,0,0.6063579567271227,0.5745790183901834,0.6451250755852574
a,ridge,reg_soundtracks,reg_deam,False,coral_sham,0,0.6414046571924135,0.6069799097566233,0.6748470084148436
a,rf,reg_soundtracks,reg_deam,False,coral_sham,0,0.6024272615609232,0.568133199463364,0.638119040582518
a,ridge,reg_soundtracks,reg_deam,False,sa,0,0.5144256681758371,0.47117190970727874,0.5514484690910404
a,rf,reg_soundtracks,reg_deam,False,sa,0,0.4216033065216173,0.3736434863781247,0.4655014985313159
a,ridge,reg_soundtracks,reg_deam,False,fewshot,10,0.6414327365488574,0.6335127298103606,0.6493527432873542
a,ridge,reg_soundtracks,reg_deam,False,fewshot,25,0.65581552436046,0.6473016590710285,0.6643293896498914
a,ridge,reg_soundtracks,reg_deam,False,fewshot,50,0.6604183721275558,0.6482924431107782,0.6725443011443335
a,ridge,reg_soundtracks,reg_deam,False,fewshot,100,0.6736653073781229,0.6603534520586164,0.6869771626976294
a,ridge,reg_soundtracks,reg_deam,False,fewshot,200,0.6940100868817802,0.6825178686819053,0.7055023050816551
a,ridge,reg_soundtracks,reg_pmemo,False,none,0,0.40002635356976246,0.34263249219773656,0.46026022220983176
a,rf,reg_soundtracks,reg_pmemo,False,none,0,0.5788972444998536,0.5243751705538595,0.6251258260131645
a,ridge,reg_soundtracks,reg_pmemo,False,zscore,0,0.4552240106134963,0.3868950603071697,0.5123284177005877
a,rf,reg_soundtracks,reg_pmemo,False,zscore,0,0.16964667474270118,0.11083618402307953,0.22818236537457048
a,ridge,reg_soundtracks,reg_pmemo,False,coral_diag,0,0.5366811850817591,0.47856180240659385,0.5898502403746176
a,rf,reg_soundtracks,reg_pmemo,False,coral_diag,0,0.15986773367812412,0.0875835424506377,0.23487719753438618
a,ridge,reg_soundtracks,reg_pmemo,False,coral,0,0.3007813335143722,0.22066791443047887,0.36504930275709097
a,rf,reg_soundtracks,reg_pmemo,False,coral,0,0.31924648692607127,0.26284940384110955,0.39631756778464805
a,ridge,reg_soundtracks,reg_pmemo,False,coral_sham,0,0.2544694829673138,0.18182766997206312,0.32000614161373514
a,rf,reg_soundtracks,reg_pmemo,False,coral_sham,0,0.19622908564744412,0.12494477144546191,0.266584274865996
a,ridge,reg_soundtracks,reg_pmemo,False,sa,0,0.018289216191691406,-0.06145471828500472,0.09886817286459301
a,rf,reg_soundtracks,reg_pmemo,False,sa,0,0.034641348286545956,-0.041190438038445715,0.11261864507316179
a,ridge,reg_soundtracks,reg_pmemo,False,fewshot,10,0.5590195959174143,0.49807034900636993,0.6199688428284588
a,ridge,reg_soundtracks,reg_pmemo,False,fewshot,25,0.6686502061012287,0.6352109673009115,0.7020894449015459
a,ridge,reg_soundtracks,reg_pmemo,False,fewshot,50,0.7342583529622498,0.7112348892359358,0.7572818166885639
a,ridge,reg_soundtracks,reg_pmemo,False,fewshot,100,0.7732419668540012,0.7621981667874709,0.7842857669205314
a,ridge,reg_soundtracks,reg_pmemo,False,fewshot,200,0.7942416649228305,0.7856622367418442,0.8028210931038169
a,ridge,reg_soundtracks,reg_emo_mix,True,none,0,0.42837483990620606,0.37719802409642283,0.4809773049690665
a,rf,reg_soundtracks,reg_emo_mix,True,none,0,0.2560946882945501,0.20275013710322523,0.3195089167894803
a,ridge,reg_soundtracks,reg_emo_mix,True,zscore,0,0.42025338386409733,0.37298757711651576,0.47957469045893597
a,rf,reg_soundtracks,reg_emo_mix,True,zscore,0,0.30057735997500074,0.2521512258735309,0.355324999868529
a,ridge,reg_soundtracks,reg_emo_mix,True,coral_diag,0,0.38277237648607515,0.3214658513004513,0.4258223808180214
a,rf,reg_soundtracks,reg_emo_mix,True,coral_diag,0,0.32266943451335744,0.27398613075158457,0.37199219142653467
a,ridge,reg_soundtracks,reg_emo_mix,True,coral,0,0.3230443804366226,0.2744778625793902,0.3750479960100264
a,rf,reg_soundtracks,reg_emo_mix,True,coral,0,0.3422698560293313,0.2837583031041464,0.3863825832742878
a,ridge,reg_soundtracks,reg_emo_mix,True,coral_sham,0,0.32666607526252417,0.2756803218929361,0.37636515609693916
a,rf,reg_soundtracks,reg_emo_mix,True,coral_sham,0,0.312885699833715,0.2672992538527675,0.3607244846067027
a,ridge,reg_soundtracks,reg_emo_mix,True,sa,0,0.35215976240990765,0.30699122256640565,0.4103572687687548
a,rf,reg_soundtracks,reg_emo_mix,True,sa,0,0.29282288916374344,0.24320950268197586,0.3372688300530782
a,ridge,reg_soundtracks,reg_emo_mix,True,fewshot,10,0.5033094657151647,0.46166869463735355,0.5449502367929757
a,ridge,reg_soundtracks,reg_emo_mix,True,fewshot,25,0.5380500994302817,0.4991718314485562,0.5769283674120071
a,ridge,reg_soundtracks,reg_emo_mix,True,fewshot,50,0.582629172399889,0.5455264496027296,0.6197318951970484
a,ridge,reg_soundtracks,reg_emo_mix,True,fewshot,100,0.6242734906696018,0.6025847814695129,0.6459621998696907
a,ridge,reg_soundtracks,reg_emo_mix,True,fewshot,200,0.6459251975878574,0.6330871806288109,0.6587632145469039
a,ridge,reg_soundtracks,reg_soundtracks,False,within,0,0.8249180213488525,,
a,rf,reg_soundtracks,reg_soundtracks,False,within,0,0.7945412699005208,,
a,ridge,reg_emo_mix,reg_deam,True,none,0,-0.04624560559957795,-0.10098814496268818,0.014185115515902007
a,rf,reg_emo_mix,reg_deam,True,none,0,-0.02254055608983726,-0.06916703798532059,0.029318090829828135
a,ridge,reg_emo_mix,reg_deam,True,zscore,0,-0.12525919402144686,-0.1786935683846023,-0.07016585035357834
a,rf,reg_emo_mix,reg_deam,True,zscore,0,-0.1305182881716122,-0.18279894622555995,-0.07631070918008369
a,ridge,reg_emo_mix,reg_deam,True,coral_diag,0,-0.06399887633603267,-0.11659285239857096,-0.020154295008421124
a,rf,reg_emo_mix,reg_deam,True,coral_diag,0,-0.2622892945887579,-0.31314205840125936,-0.1957146470284722
a,ridge,reg_emo_mix,reg_deam,True,coral,0,0.2370895200792478,0.17718586198984212,0.29242484496094917
a,rf,reg_emo_mix,reg_deam,True,coral,0,0.20862357646440688,0.15568245158149177,0.2574876708003706
a,ridge,reg_emo_mix,reg_deam,True,coral_sham,0,0.13078848870631327,0.06552239245999382,0.17709230422001504
a,rf,reg_emo_mix,reg_deam,True,coral_sham,0,0.276832015383434,0.22629189734294147,0.32184619117398955
a,ridge,reg_emo_mix,reg_deam,True,sa,0,-0.10692720800132399,-0.15846657398262362,-0.05190442801348725
a,rf,reg_emo_mix,reg_deam,True,sa,0,-0.001845604057516306,-0.04769001835854695,0.05609561434171953
a,ridge,reg_emo_mix,reg_deam,True,fewshot,10,0.015980103067359943,-0.011942349290448965,0.043902555425168854
a,ridge,reg_emo_mix,reg_deam,True,fewshot,25,0.11605330354132579,0.06355950281389218,0.1685471042687594
a,ridge,reg_emo_mix,reg_deam,True,fewshot,50,0.20747383255349475,0.15786205794439906,0.25708560716259043
a,ridge,reg_emo_mix,reg_deam,True,fewshot,100,0.3163445504120941,0.2758730474889881,0.35681605333520006
a,ridge,reg_emo_mix,reg_deam,True,fewshot,200,0.4410637431241319,0.40176543400638154,0.4803620522418822
a,ridge,reg_emo_mix,reg_pmemo,True,none,0,-0.10431942330223157,-0.19170620037472824,-0.02263573990582249
a,rf,reg_emo_mix,reg_pmemo,True,none,0,-0.14135455002405753,-0.1998191267997741,-0.062444945795166705
a,ridge,reg_emo_mix,reg_pmemo,True,zscore,0,-0.44789220225682236,-0.49903686522042234,-0.3851170340120516
a,rf,reg_emo_mix,reg_pmemo,True,zscore,0,-0.15421312510348387,-0.22376656878527407,-0.08927218144544832
a,ridge,reg_emo_mix,reg_pmemo,True,coral_diag,0,-0.3613238773359476,-0.4258793132377294,-0.29999310016051806
a,rf,reg_emo_mix,reg_pmemo,True,coral_diag,0,-0.2977123801229104,-0.35882372537031276,-0.22485716745117862
a,ridge,reg_emo_mix,reg_pmemo,True,coral,0,0.10788619794475353,0.03692532792301622,0.17308976955819577
a,rf,reg_emo_mix,reg_pmemo,True,coral,0,0.18573211688163066,0.12223222586303252,0.25342980005360904
a,ridge,reg_emo_mix,reg_pmemo,True,coral_sham,0,0.12146057016839784,0.05166048442873319,0.18705425014327928
a,rf,reg_emo_mix,reg_pmemo,True,coral_sham,0,0.2208073166489785,0.14121186658529206,0.2919293154336163
a,ridge,reg_emo_mix,reg_pmemo,True,sa,0,-0.10164920232961017,-0.18902779016321022,-0.01819140921781806
a,rf,reg_emo_mix,reg_pmemo,True,sa,0,0.22380682970698362,0.15435009428565477,0.2959358656348832
a,ridge,reg_emo_mix,reg_pmemo,True,fewshot,10,-0.022330896348221243,-0.06419546837688372,0.019533675680441235
a,ridge,reg_emo_mix,reg_pmemo,True,fewshot,25,0.0902918903635685,0.05706377003693213,0.12352001069020485
a,ridge,reg_emo_mix,reg_pmemo,True,fewshot,50,0.1862483273779017,0.13703507279239835,0.23546158196340505
a,ridge,reg_emo_mix,reg_pmemo,True,fewshot,100,0.34578061000756644,0.31395346498910304,0.37760775502602983
a,ridge,reg_emo_mix,reg_pmemo,True,fewshot,200,0.468675228387307,0.4464273709376962,0.49092308583691785
a,ridge,reg_emo_mix,reg_soundtracks,True,none,0,-0.07228896021802897,-0.1583231924679736,0.04007744840534114
a,rf,reg_emo_mix,reg_soundtracks,True,none,0,0.010716265027062489,-0.08248926208395008,0.09409785525426032
a,ridge,reg_emo_mix,reg_soundtracks,True,zscore,0,0.1850884459082165,0.08036573512907119,0.2982063555274335
a,rf,reg_emo_mix,reg_soundtracks,True,zscore,0,-0.06890001521157142,-0.1726260069937987,0.03795068475184118
a,ridge,reg_emo_mix,reg_soundtracks,True,coral_diag,0,0.25201689373560293,0.1562226467662001,0.3480486868463483
a,rf,reg_emo_mix,reg_soundtracks,True,coral_diag,0,-0.15734898422519708,-0.2736601231570627,-0.050518312853813654
a,ridge,reg_emo_mix,reg_soundtracks,True,coral,0,0.3176041200082776,0.22251079163458484,0.41329615865788816
a,rf,reg_emo_mix,reg_soundtracks,True,coral,0,0.3875327566999445,0.288729991830494,0.4732419735670404
a,ridge,reg_emo_mix,reg_soundtracks,True,coral_sham,0,0.21423628027308744,0.12241731183775297,0.3130846172923095
a,rf,reg_emo_mix,reg_soundtracks,True,coral_sham,0,0.05157219428537112,-0.038550519588046915,0.1358754102955161
a,ridge,reg_emo_mix,reg_soundtracks,True,sa,0,-0.24466281617774693,-0.33569559083567185,-0.13576872947274848
a,rf,reg_emo_mix,reg_soundtracks,True,sa,0,0.2020186343938246,0.0962469420118819,0.30359860062816985
a,ridge,reg_emo_mix,reg_soundtracks,True,fewshot,10,0.1482496151869464,0.10110177107348825,0.19539745930040456
a,ridge,reg_emo_mix,reg_soundtracks,True,fewshot,25,0.30482443314568936,0.25144756016987635,0.35820130612150236
a,ridge,reg_emo_mix,reg_soundtracks,True,fewshot,50,0.44339473584042277,0.3860838127219304,0.5007056589589152
a,ridge,reg_emo_mix,reg_soundtracks,True,fewshot,100,0.5712079096541631,0.5312590404876681,0.6111567788206581
a,ridge,reg_emo_mix,reg_emo_mix,False,within,0,0.7387955893272692,,
a,rf,reg_emo_mix,reg_emo_mix,False,within,0,0.7439542255883131,,
