subject,n_trials,rho,p,null_mean
sub-01,40,0.2031894934333959,0.029850746268656716,-0.21848499061913695
sub-02,40,0.26679174484052537,0.01990049751243781,-0.2280722326454034
sub-03,40,0.3816135084427768,0.004975124378109453,-0.22991744840525327
sub-04,40,0.3587242026266417,0.004975124378109453,-0.21720356472795502
sub-05,40,0.502626641651032,0.004975124378109453,-0.24337335834896812
sub-06,40,0.6711069418386493,0.004975124378109453,-0.21306848030018763
sub-07,40,0.16022514071294564,0.05970149253731343,-0.22956566604127582
sub-08,40,0.500750469043152,0.004975124378109453,-0.23479080675422143
sub-09,40,0.6566604127579738,0.004975124378109453,-0.22726923076923078
sub-10,40,0.07711069418386493,0.07462686567164178,-0.22720168855534711
sub-11,40,0.14315196998123828,0.024875621890547265,-0.2499099437148218
sub-12,40,0.36641651031894934,0.014925373134328358,-0.24556378986866798
sub-13,40,0.33001876172607886,0.024875621890547265,-0.19344090056285182
sub-14,40,0.08667917448405253,0.10945273631840796,-0.21274390243902444
sub-15,40,0.3827392120075047,0.01990049751243781,-0.2333039399624766
sub-16,40,0.451969981238274,0.004975124378109453,-0.21747279549718576
sub-17,40,0.6979362101313322,0.004975124378109453,-0.23069512195121952
sub-18,40,0.47317073170731716,0.004975124378109453,-0.1949878048780488
sub-19,40,0.20694183864915575,0.04477611940298507,-0.21499343339587249
sub-20,40,0.7410881801125706,0.004975124378109453,-0.2134943714821764
sub-21,40,-0.23039399624765483,0.4427860696517413,-0.21633395872420266
sub-22,40,0.4641651031894935,0.014925373134328358,-0.22344090056285182
sub-23,40,0.5793621013133209,0.004975124378109453,-0.20367166979362103
sub-24,40,0.6360225140712946,0.004975124378109453,-0.2142992495309569
sub-25,40,0.5720450281425893,0.004975124378109453,-0.21364634146341466
sub-26,40,0.2305816135084428,0.04477611940298507,-0.23726078799249536
sub-27,40,0.43227016885553476,0.014925373134328358,-0.23251688555347094
sub-28,40,0.14315196998123828,0.05472636815920398,-0.23068386491557227
sub-29,40,0.47523452157598506,0.004975124378109453,-0.2207045028142589
sub-30,40,0.7326454033771108,0.004975124378109453,-0.2219390243902439
sub-31,40,0.7401500938086305,0.004975124378109453,-0.20277767354596626
