question,feature,n_subjects,mean_rho,frac_same_sign,p,q
afraid,alpha_central,31,-0.019838605613252517,0.5806451612903226,0.529405927285552,0.9253481754234859
afraid,alpha_frontal,31,0.018356518887590146,0.5161290322580645,0.6635807873681188,0.8904826049843142
afraid,alpha_occipital,31,0.021798138821283012,0.5483870967741935,0.5551384268328547,0.9237503422498703
afraid,alpha_parietal,31,0.031853606081053636,0.6129032258064516,0.24743753485381603,0.7568677536704961
afraid,alpha_temporal,31,-0.008009897237913637,0.5483870967741935,0.8091655615717173,0.9672783724535471
afraid,beta_central,31,-0.022067321881413006,0.5806451612903226,0.5814498504623771,0.9162240067892002
afraid,beta_frontal,31,-0.03475821747020675,0.5161290322580645,0.444234280847013,0.880006956344559
afraid,beta_occipital,31,-0.02809632361356023,0.5161290322580645,0.6219436237588525,0.8860566694646665
afraid,beta_parietal,31,-0.04783667609548163,0.5161290322580645,0.43272085953503847,0.8911479087454257
afraid,beta_temporal,31,-0.01971144402398744,0.5161290322580645,0.7942198486998677,0.9717513442916028
afraid,delta_central,31,0.03146683931077542,0.5483870967741935,0.5551384268328547,0.9164189903272523
afraid,delta_frontal,31,0.041673962485692516,0.6129032258064516,0.21665488090366125,0.693295618891716
afraid,delta_occipital,31,0.01089550201941427,0.5483870967741935,0.7498410120606422,0.9510178689549609
afraid,delta_parietal,31,0.028119751672466418,0.5161290322580645,0.4797733975574374,0.8910077383209553
afraid,delta_temporal,31,0.06038199644569295,0.6774193548387096,0.06948136258870363,0.6021718091020981
afraid,faa,31,0.005176944721739697,0.5483870967741935,0.7062525749206543,0.9297502252120006
afraid,gamma_central,31,-0.031639461753847006,0.5161290322580645,0.4677626034244895,0.8926112065348056
afraid,gamma_frontal,31,-0.05620294534441401,0.5806451612903226,0.20231117121875286,0.7514414930982249
afraid,gamma_occipital,31,-0.04875334441788931,0.5161290322580645,0.24743753485381603,0.7458986557912135
afraid,gamma_parietal,31,-0.07008869272216053,0.6451612903225806,0.0355817461386323,0.9251253996044397
afraid,gamma_temporal,31,-0.07635528532891825,0.6129032258064516,0.06346937920898199,0.6000741307031024
afraid,theta_central,31,-0.028998716787332124,0.5161290322580645,0.49194561038166285,0.8745699740118451
afraid,theta_frontal,31,-0.048101855419263664,0.5161290322580645,0.20231117121875286,0.7382583090087824
afraid,theta_occipital,31,-0.03315646560315953,0.5483870967741935,0.3992052096873522,0.8472926899486658
afraid,theta_parietal,31,-0.07925770205803909,0.6129032258064516,0.055239553563296795,0.6758721847744549
afraid,theta_temporal,31,-0.04698233496718415,0.6129032258064516,0.12031982094049454,0.6951811876561906
angry,alpha_central,31,0.005778959180815298,0.5161290322580645,0.8392556216567755,0.9591492818934577
angry,alpha_frontal,31,-0.010628065732960122,0.5161290322580645,0.8091655615717173,0.9617510674680982
angry,alpha_occipital,31,-0.00012891113261520324,0.5806451612903226,0.9614869365468621,0.9949715562275986
angry,alpha_parietal,31,0.013299277174515522,0.5806451612903226,0.6495812004432082,0.8773564265726449
angry,alpha_temporal,31,-0.03147257960041365,0.6129032258064516,0.2899207631126046,0.7731220349669456
angry,beta_central,31,0.015225031065629122,0.5806451612903226,0.608313562348485,0.903780149774892
angry,beta_frontal,31,0.06254212579233683,0.6129032258064516,0.052696118131279945,0.7829137550933021
angry,beta_occipital,31,0.053070024883118634,0.5806451612903226,0.1820761300623417,0.7728945929176954
angry,beta_parietal,31,0.055811807996391086,0.6774193548387096,0.050248345360159874,0.9501505304466594
angry,beta_temporal,31,0.07467823615717518,0.6451612903225806,0.028926550410687923,0.8595317836318698
angry,delta_central,31,-0.024599069253064453,0.5161290322580645,0.444234280847013,0.8717050039262142
angry,delta_frontal,31,-0.038731216951161204,0.6451612903225806,0.209396718069911,0.6913415453736744
angry,delta_occipital,31,-0.02539045350203939,0.5161290322580645,0.608313562348485,0.8973703614786162
angry,delta_parietal,31,-0.02230263687522911,0.5483870967741935,0.5814498504623771,0.9093351044825145
angry,delta_temporal,31,-0.0055878960040079894,0.5161290322580645,0.8695757398381829,0.9569934068060426
angry,faa,31,-0.020307259615672268,0.5161290322580645,0.5814498504623771,0.902549021613242
angry,gamma_central,31,0.061373164238949764,0.6451612903225806,0.052696118131279945,0.7307195047537486
angry,gamma_frontal,31,0.039050334040945794,0.6129032258064516,0.111049959436059,0.6999512594757658
angry,gamma_occipital,31,0.04984114356344588,0.6129032258064516,0.10233690217137337,0.6651898641139269
angry,gamma_parietal,31,0.05903378817323074,0.6774193548387096,0.017661521211266518,0.9183991029858589
angry,gamma_temporal,31,0.04836185663406603,0.5483870967741935,0.20231117121875286,0.7255297174741482
angry,theta_central,31,0.06453292526336944,0.7096774193548387,0.050248345360159874,0.8709713195761045
angry,theta_frontal,31,0.01312782137468233,0.6129032258064516,0.608313562348485,0.8910508518907386
angry,theta_occipital,31,-0.012389247943071667,0.5483870967741935,0.608313562348485,0.8848197270523418
angry,theta_parietal,31,-0.011845238108212666,0.5483870967741935,0.8091655615717173,0.9562865727665749
angry,theta_temporal,31,-0.0012212780738003512,0.6129032258064516,0.7645525922998786,0.9637996315053015
energetic,alpha_central,31,0.03852205429441209,0.6129032258064516,0.26389263197779655,0.7519132527586532
energetic,alpha_frontal,31,0.024118588123856435,0.5483870967741935,0.5814498504623771,0.8958634733049958
energetic,alpha_occipital,31,-0.010334239248667219,0.5483870967741935,0.7062525749206543,0.9239027395188434
energetic,alpha_parietal,31,0.0064665340353827466,0.5483870967741935,0.9768865816295147,0.9911824828240929
energetic,alpha_temporal,31,0.0348764029636168,0.5483870967741935,0.31757172010838985,0.79584238292223
energetic,beta_central,31,0.021399091152956778,0.5483870967741935,0.31757172010838985,0.7863680688398225
energetic,beta_frontal,31,0.017690017988367,0.5806451612903226,0.7062525749206543,0.9181283473968506
energetic,beta_occipital,31,0.06236939073332849,0.6451612903225806,0.111049959436059,0.6793644577264786
energetic,beta_parietal,31,0.012356574065983419,0.5806451612903226,0.9461012529209256,0.9989292416627031
energetic,beta_temporal,31,0.052519612986869406,0.5806451612903226,0.24743753485381603,0.7352429607084819
energetic,delta_central,31,-0.029297387281112156,0.5483870967741935,0.3271495960652828,0.7912455346695212
energetic,delta_frontal,31,-0.01477046680650403,0.5483870967741935,0.6219436237588525,0.8800290730737504
energetic,delta_occipital,31,-0.0004602187435182816,0.5161290322580645,0.9153939224779606,0.9814532777083289
energetic,delta_parietal,31,-0.01709625761561698,0.5483870967741935,0.7793471785262227,0.9706839109787684
energetic,delta_temporal,31,-0.009849198546368714,0.5483870967741935,1.0,1.0
energetic,faa,31,0.006523337844979636,0.5483870967741935,0.8695757398381829,0.9519565994018002
energetic,gamma_central,31,0.04755815430624305,0.6129032258064516,0.12516957335174084,0.7036559799232999
energetic,gamma_frontal,31,0.010174809814763496,0.5806451612903226,0.8543895706534386,0.9503370625450012
energetic,gamma_occipital,31,0.06931486023660928,0.6451612903225806,0.08650196995586157,0.6425860625292573
energetic,gamma_parietal,31,0.0047848748832054495,0.5483870967741935,0.9768865816295147,0.9863709173734906
energetic,gamma_temporal,31,0.024213183498359818,0.5483870967741935,0.5814498504623771,0.8892762418836355
energetic,theta_central,31,0.027470517926501205,0.5806451612903226,0.4797733975574374,0.8831227140880265
energetic,theta_frontal,31,0.054905956869070106,0.6451612903225806,0.12516957335174084,0.6851387172937393
energetic,theta_occipital,31,0.02955405056809392,0.5161290322580645,0.529405927285552,0.9176369406282902
energetic,theta_parietal,31,0.05997773750508475,0.7096774193548387,0.055239553563296795,0.638323730064763
energetic,theta_temporal,31,0.023265106714921314,0.5161290322580645,0.5551384268328547,0.9092030927656204
happy,alpha_central,31,0.011613109786066183,0.5161290322580645,0.8392556216567755,0.953908028986936
happy,alpha_frontal,31,0.05155570793842542,0.6129032258064516,0.336907590739429,0.8054802169402441
happy,alpha_occipital,31,0.029927453924785123,0.5161290322580645,0.6635807873681188,0.8847743831574917
happy,alpha_parietal,31,0.005288390352536646,0.5161290322580645,0.9307350646704435,0.9927840689818065
happy,alpha_temporal,31,0.031472052590028846,0.5161290322580645,0.529405927285552,0.9100531642594614
happy,beta_central,31,0.035885789529646196,0.6451612903225806,0.1756664952263236,0.7774176810016024
happy,beta_frontal,31,0.02716812650715681,0.5161290322580645,0.3672574386000633,0.8126547577533316
happy,beta_occipital,31,-0.0022878124344193227,0.5161290322580645,0.8392556216567755,0.9487237462207027
happy,beta_parietal,31,-0.017640202864140378,0.5161290322580645,0.608313562348485,0.8786751456144783
happy,beta_temporal,31,0.0028034086902279745,0.5806451612903226,0.9614869365468621,0.9900459544640956
happy,delta_central,31,-0.027870319051922714,0.5161290322580645,0.3777303956449032,0.827030760990946
happy,delta_frontal,31,-0.06760319548620881,0.7096774193548387,0.052696118131279945,0.6850495357066393
happy,delta_occipital,31,-0.027695317411585086,0.5806451612903226,0.3081742124632001,0.7817101974676295
happy,delta_parietal,31,-0.010678582293300872,0.5483870967741935,0.9461012529209256,0.9938841444825885
happy,delta_temporal,31,-0.029805829931746214,0.5483870967741935,0.27238877210766077,0.7554248613119126
happy,faa,31,-0.003352008778588584,0.5161290322580645,0.8392556216567755,0.9435955097546449
happy,gamma_central,31,-0.02041803472458569,0.6129032258064516,0.336907590739429,0.7963270326568321
happy,gamma_frontal,31,-0.006580480566386833,0.5483870967741935,0.8695757398381829,0.9469725334363458
happy,gamma_occipital,31,-0.00011890543190434452,0.5161290322580645,0.8241792023181915,0.9523848560121324
happy,gamma_parietal,31,-0.0036038317587413116,0.5161290322580645,0.9614869365468621,0.9851688807967849
happy,gamma_temporal,31,-0.022962143540306748,0.5806451612903226,0.3992052096873522,0.8387341779289823
happy,theta_central,31,-0.017442718164503757,0.5161290322580645,0.5682233804836869,0.9022172758824952
happy,theta_frontal,31,0.007813141811137993,0.5483870967741935,0.8848088048398495,0.9535763285320658
happy,theta_occipital,31,0.0031316263474413966,0.5161290322580645,0.7942198486998677,0.9660685878922368
happy,theta_parietal,31,0.01586124099167451,0.5806451612903226,0.7793471785262227,0.9649060305562758
happy,theta_temporal,31,-0.002225839353462017,0.5161290322580645,0.9768865816295147,0.9816058404779665
pleasant,alpha_central,31,-0.03134200239505323,0.6451612903225806,0.2899207631126046,0.7633356800939464
pleasant,alpha_frontal,31,-0.0029965131675572755,0.5483870967741935,0.8392556216567755,0.938522415616179
pleasant,alpha_occipital,31,-0.026756858550764262,0.5483870967741935,0.4797733975574374,0.87537602361357
pleasant,alpha_parietal,31,-0.0464215977499849,0.5483870967741935,0.14605465531349182,0.7233182929811024
pleasant,alpha_temporal,31,-0.05073174325407225,0.5483870967741935,0.35696212109178305,0.8159134196383613
pleasant,beta_central,31,-0.04180189760364489,0.5483870967741935,0.336907590739429,0.787379537907879
pleasant,beta_frontal,31,-0.068937859470221,0.6129032258064516,0.05788119416683912,0.6336467571948704
pleasant,beta_occipital,31,-0.03323131851708141,0.5161290322580645,0.35696212109178305,0.8070447955118574
pleasant,beta_parietal,31,-0.04376487102075387,0.6129032258064516,0.27238877210766077,0.7454850605051768
pleasant,beta_temporal,31,-0.08521743372464273,0.6451612903225806,0.04345365799963474,1.0
pleasant,delta_central,31,0.06814295376869871,0.6451612903225806,0.111049959436059,0.6599540446485792
pleasant,delta_frontal,31,0.032452913142020715,0.5161290322580645,0.43272085953503847,0.8824111645420393
pleasant,delta_occipital,31,0.027638934470951913,0.5161290322580645,0.529405927285552,0.9025937120934002
pleasant,delta_parietal,31,0.02683782526186726,0.5161290322580645,0.336907590739429,0.7786308763755693
pleasant,delta_temporal,31,0.04973765009431785,0.5161290322580645,0.20231117121875286,0.7132326036186541
pleasant,faa,31,0.023514566651448236,0.5806451612903226,0.4559155162423849,0.8780595127631117
pleasant,gamma_central,31,-0.035357198509962384,0.6451612903225806,0.18865238688886166,0.7847939294576645
pleasant,gamma_frontal,31,0.009607158610329472,0.5161290322580645,0.7645525922998786,0.9579936096287636
pleasant,gamma_occipital,31,0.004172204679449432,0.5161290322580645,0.7062525749206543,0.912425686854013
pleasant,gamma_parietal,31,0.024965867997703537,0.5161290322580645,0.49194561038166285,0.8671583640625922
pleasant,gamma_temporal,31,-0.020943258729353532,0.5806451612903226,0.5551384268328547,0.902099943603389
pleasant,theta_central,31,-0.04546421990567752,0.5483870967741935,0.18865238688886166,0.7694058131937888
pleasant,theta_frontal,31,-0.04776207839522008,0.6129032258064516,0.209396718069911,0.6805393337272108
pleasant,theta_occipital,31,-0.04638591173751869,0.5161290322580645,0.5421982295811176,0.9094938044586489
pleasant,theta_parietal,31,0.0017279146397763956,0.5161290322580645,0.7942198486998677,0.960451910055654
pleasant,theta_temporal,31,-0.046008673480456626,0.5483870967741935,0.21665488090366125,0.6827911398175991
sad,alpha_central,31,0.06203336031033048,0.7419354838709677,0.015742935240268707,1.0
sad,alpha_frontal,31,0.039680365913493595,0.7096774193548387,0.05788119416683912,0.6019644193351269
sad,alpha_occipital,31,0.036591634063165936,0.7419354838709677,0.14605465531349182,0.706496937330379
sad,alpha_parietal,31,0.03912640573312086,0.5483870967741935,0.1953968871384859,0.7526398615704643
sad,alpha_temporal,31,0.06995184894835081,0.6451612903225806,0.023342357017099857,0.9710420519113541
sad,beta_central,31,-0.040150792159180375,0.6129032258064516,0.20231117121875286,0.7013453935583432
sad,beta_frontal,31,-0.04408444945466863,0.6451612903225806,0.1756664952263236,0.7612214793140689
sad,beta_occipital,31,0.016192323783935564,0.5161290322580645,0.635700810700655,0.8815051241715749
sad,beta_parietal,31,-0.007854581645541026,0.5161290322580645,0.7793471785262227,0.9591965274168894
sad,beta_temporal,31,-0.027611794586745383,0.6129032258064516,0.4797733975574374,0.8677640581908433
sad,delta_central,31,-0.015369639279262172,0.6451612903225806,0.3883800162002444,0.8414900351005296
sad,delta_frontal,31,-0.020338593530317573,0.6451612903225806,0.444234280847013,0.863558228188586
sad,delta_occipital,31,-0.04470201422087749,0.6451612903225806,0.24743753485381603,0.724887426050616
sad,delta_parietal,31,-0.023656694892897435,0.5806451612903226,0.529405927285552,0.8952555518324782
sad,delta_temporal,31,-0.04901793454914386,0.7096774193548387,0.14605465531349182,0.6904401887546886
sad,faa,31,0.06220283755007571,0.6774193548387096,0.04789368249475956,0.9961885958909988
sad,gamma_central,31,0.051346403036190195,0.5161290322580645,0.20231117121875286,0.6898479280901737
sad,gamma_frontal,31,-0.00036488780323128535,0.5483870967741935,0.9614869365468621,0.9803396215771928
sad,gamma_occipital,31,0.03327244343885685,0.6774193548387096,0.18865238688886166,0.7546095475554466
sad,gamma_parietal,31,0.007774090295091408,0.5483870967741935,0.8695757398381829,0.9420403848246982
sad,gamma_temporal,31,0.018874549924676253,0.6129032258064516,0.3883800162002444,0.8328148800994932
sad,theta_central,31,0.02217793218306022,0.5161290322580645,0.8091655615717173,0.9508838237678937
sad,theta_frontal,31,0.07619853220382038,0.5806451612903226,0.07593795005232096,0.6075036004185677
sad,theta_occipital,31,0.07161243583795696,0.6129032258064516,0.050248345360159874,0.803973525762558
sad,theta_parietal,31,0.049308483438606394,0.5483870967741935,0.25557575561106205,0.7383299606541792
sad,theta_temporal,31,0.06328599477065315,0.6129032258064516,0.09416095819324255,0.6528493101398151
tender,alpha_central,31,-0.1152620229944774,0.7419354838709677,0.0029005883261561394,0.603322371840477
tender,alpha_frontal,31,-0.07507974402433142,0.6774193548387096,0.014004520140588284,1.0
tender,alpha_occipital,31,-0.07411893530348776,0.5806451612903226,0.05788119416683912,0.5732994469858351
tender,alpha_parietal,31,-0.053641793613849,0.5806451612903226,0.1953968871384859,0.7389555004510012
tender,alpha_temporal,31,-0.06452879405258384,0.6774193548387096,0.09416095819324255,0.6317896549740145
tender,beta_central,31,0.035574043066367106,0.6451612903225806,0.35696212109178305,0.7983668944848481
tender,beta_frontal,31,0.044606467350449874,0.5806451612903226,0.4677626034244895,0.884496559202671
tender,beta_occipital,31,0.019474382204608055,0.5806451612903226,0.6219436237588525,0.874082930688117
tender,beta_parietal,31,0.06101822395540958,0.6129032258064516,0.20231117121875286,0.6787213486048483
tender,beta_temporal,31,0.06814083029574336,0.5806451612903226,0.15165852662175894,0.7009994119405747
tender,delta_central,31,0.04741068553252347,0.5161290322580645,0.2899207631126046,0.753793984092772
tender,delta_frontal,31,0.038836877172191066,0.5161290322580645,0.31757172010838985,0.7771166797946482
tender,delta_occipital,31,0.04337565804282074,0.5161290322580645,0.26389263197779655,0.7417522628565092
tender,delta_parietal,31,0.03126418532661912,0.5161290322580645,0.42137710005044937,0.8764643681049347
tender,delta_temporal,31,-0.0070974865141031785,0.5161290322580645,0.9461012529209256,0.9888897517967463
tender,faa,31,-0.028098194181291697,0.5483870967741935,0.6219436237588525,0.868216602294237
tender,gamma_central,31,-0.015145925120879367,0.5806451612903226,0.7942198486998677,0.9549001649108236
tender,gamma_frontal,31,0.014974395970564129,0.6129032258064516,0.5814498504623771,0.8827851744246309
tender,gamma_occipital,31,0.0007021625235073951,0.5806451612903226,0.8091655615717173,0.9455417798141416
tender,gamma_parietal,31,-0.005133454369132613,0.5161290322580645,0.9461012529209256,0.9839453030377626
tender,gamma_temporal,31,0.05334148768315395,0.6129032258064516,0.16334008984267712,0.7385812758103661
tender,theta_central,31,0.006656923473431202,0.5161290322580645,0.8241792023181915,0.947123061227535
tender,theta_frontal,31,0.0025657278902618355,0.6129032258064516,0.9307350646704435,0.9877188441400625
tender,theta_occipital,31,-0.01742999766094321,0.5161290322580645,0.635700810700655,0.875667341892293
tender,theta_parietal,31,0.020319312062159787,0.5161290322580645,0.608313562348485,0.8726153170240336
tender,theta_temporal,31,-0.024372222173699196,0.5161290322580645,0.5551384268328547,0.8951069207847581
tense,alpha_central,31,0.05495243022660959,0.5806451612903226,0.06948136258870363,0.5780849367380142
tense,alpha_frontal,31,0.012220944811622765,0.5806451612903226,0.4797733975574374,0.8602833335512671
tense,alpha_occipital,31,0.011630777368834902,0.5483870967741935,0.635700810700655,0.8699063725377384
tense,alpha_parietal,31,0.01634574918052696,0.5806451612903226,0.2989572202786803,0.7676926150366112
tense,alpha_temporal,31,0.05887258827695811,0.6451612903225806,0.06346937920898199,0.5739839511073154
tense,beta_central,31,0.054798081787388625,0.6129032258064516,0.09026811271905899,0.6474402567435955
tense,beta_frontal,31,0.010046675726433302,0.5161290322580645,0.7352173123508692,0.9381914169876122
tense,beta_occipital,31,0.031734298918175585,0.6451612903225806,0.28106469474732876,0.759239694901875
tense,beta_parietal,31,0.04893765727685875,0.6129032258064516,0.13016566075384617,0.6942168573538462
tense,beta_temporal,31,0.02435142773457767,0.5483870967741935,0.8091655615717173,0.9402594235023307
tense,delta_central,31,-0.04841477644598395,0.6129032258064516,0.07933946698904037,0.6112077456933481
tense,delta_frontal,31,-0.025139748131216562,0.5161290322580645,0.43272085953503847,0.8738440658571651
tense,delta_occipital,31,-0.0027248373249454043,0.5806451612903226,0.6776954075321555,0.8978385016986519
tense,delta_parietal,31,-0.028890615390128185,0.6129032258064516,0.14060599450021982,0.731151171401143
tense,delta_temporal,31,-0.02151432210781872,0.5483870967741935,0.5551384268328547,0.8882214829325676
tense,faa,31,0.029637690229636755,0.5806451612903226,0.23169402685016394,0.7192889191766283
tense,gamma_central,31,0.03791395735522274,0.6451612903225806,0.18865238688886166,0.7403716315638345
tense,gamma_frontal,31,0.009057097119761236,0.5161290322580645,0.8543895706534386,0.9452820781697618
tense,gamma_occipital,31,0.014574260461664825,0.6129032258064516,0.635700810700655,0.8642207099721323
tense,gamma_parietal,31,0.010768292157049391,0.6451612903225806,0.43272085953503847,0.8654417190700769
tense,gamma_temporal,31,0.021883316194457072,0.5483870967741935,0.5814498504623771,0.8763881804070611
tense,theta_central,31,0.014631747134751091,0.5161290322580645,0.7206862810999155,0.9253255954863112
tense,theta_frontal,31,0.09089785964429974,0.6129032258064516,0.02743559330701828,0.9511005679766337
tense,theta_occipital,31,0.030755643955562326,0.6129032258064516,0.4677626034244895,0.8765281217323767
tense,theta_parietal,31,0.017235767787904296,0.5483870967741935,0.5814498504623771,0.8700832294688808
tense,theta_temporal,31,0.0552435366679463,0.5161290322580645,0.14060599450021982,0.7133182160011152
