subject,run,trial,stim
sub-01,2,0,62
sub-01,2,1,163
sub-01,2,2,160
sub-01,2,3,333
sub-01,2,4,140
sub-01,2,5,113
sub-01,2,6,135
sub-01,2,7,357
sub-01,2,8,166
sub-01,2,9,176
sub-01,3,0,6
sub-01,3,1,170
sub-01,3,2,123
sub-01,3,3,291
sub-01,3,4,303
sub-01,3,5,148
sub-01,3,6,174
sub-01,3,7,3
sub-01,3,8,32
sub-01,3,9,343
sub-01,4,0,252
sub-01,4,1,240
sub-01,4,2,243
sub-01,4,3,274
sub-01,4,4,322
sub-01,4,5,162
sub-01,4,6,220
sub-01,4,7,224
sub-01,4,8,48
sub-01,4,9,216
sub-01,5,0,313
sub-01,5,1,339
sub-01,5,2,285
sub-01,5,3,107
sub-01,5,4,277
sub-01,5,5,273
sub-01,5,6,332
sub-01,5,7,329
sub-01,5,8,282
sub-01,5,9,331
sub-02,2,0,25
sub-02,2,1,165
sub-02,2,2,28
sub-02,2,3,141
sub-02,2,4,50
sub-02,2,5,213
sub-02,2,6,111
sub-02,2,7,53
sub-02,2,8,2
sub-02,2,9,104
sub-02,3,0,29
sub-02,3,1,101
sub-02,3,2,149
sub-02,3,3,31
sub-02,3,4,153
sub-02,3,5,200
sub-02,3,6,59
sub-02,3,7,192
sub-02,3,8,54
sub-02,3,9,179
sub-02,4,0,67
sub-02,4,1,123
sub-02,4,2,93
sub-02,4,3,170
sub-02,4,4,201
sub-02,4,5,130
sub-02,4,6,87
sub-02,4,7,129
sub-02,4,8,155
sub-02,4,9,42
sub-02,5,0,77
sub-02,5,1,37
sub-02,5,2,5
sub-02,5,3,18
sub-02,5,4,145
sub-02,5,5,69
sub-02,5,6,118
sub-02,5,7,151
sub-02,5,8,176
sub-02,5,9,90
sub-03,2,0,69
sub-03,2,1,45
sub-03,2,2,214
sub-03,2,3,85
sub-03,2,4,151
sub-03,2,5,173
sub-03,2,6,124
sub-03,2,7,196
sub-03,2,8,35
sub-03,2,9,68
sub-03,3,0,197
sub-03,3,1,210
sub-03,3,2,156
sub-03,3,3,204
sub-03,3,4,94
sub-03,3,5,39
sub-03,3,6,13
sub-03,3,7,188
sub-03,3,8,38
sub-03,3,9,60
sub-03,4,0,109
sub-03,4,1,195
sub-03,4,2,3
sub-03,4,3,89
sub-03,4,4,112
sub-03,4,5,208
sub-03,4,6,203
sub-03,4,7,11
sub-03,4,8,129
sub-03,4,9,55
sub-03,5,0,145
sub-03,5,1,178
sub-03,5,2,37
sub-03,5,3,182
sub-03,5,4,102
sub-03,5,5,21
sub-03,5,6,209
sub-03,5,7,83
sub-03,5,8,154
sub-03,5,9,74
sub-04,2,0,205
sub-04,2,1,37
sub-04,2,2,70
sub-04,2,3,156
sub-04,2,4,120
sub-04,2,5,153
sub-04,2,6,195
sub-04,2,7,12
sub-04,2,8,145
sub-04,2,9,18
sub-04,3,0,69
sub-04,3,1,87
sub-04,3,2,150
sub-04,3,3,44
sub-04,3,4,158
sub-04,3,5,16
sub-04,3,6,6
sub-04,3,7,175
sub-04,3,8,168
sub-04,3,9,75
sub-04,4,0,165
sub-04,4,1,185
sub-04,4,2,7
sub-04,4,3,146
sub-04,4,4,3
sub-04,4,5,142
sub-04,4,6,209
sub-04,4,7,199
sub-04,4,8,89
sub-04,4,9,15
sub-04,5,0,167
sub-04,5,1,81
sub-04,5,2,13
sub-04,5,3,170
sub-04,5,4,208
sub-04,5,5,186
sub-04,5,6,135
sub-04,5,7,204
sub-04,5,8,103
sub-04,5,9,64
sub-05,2,0,199
sub-05,2,1,71
sub-05,2,2,138
sub-05,2,3,92
sub-05,2,4,209
sub-05,2,5,56
sub-05,2,6,29
sub-05,2,7,195
sub-05,2,8,64
sub-05,2,9,5
sub-05,3,0,4
sub-05,3,1,16
sub-05,3,2,19
sub-05,3,3,24
sub-05,3,4,41
sub-05,3,5,84
sub-05,3,6,46
sub-05,3,7,93
sub-05,3,8,206
sub-05,3,9,147
sub-05,4,0,177
sub-05,4,1,63
sub-05,4,2,88
sub-05,4,3,144
sub-05,4,4,57
sub-05,4,5,40
sub-05,4,6,198
sub-05,4,7,116
sub-05,4,8,58
sub-05,4,9,31
sub-05,5,0,87
sub-05,5,1,136
sub-05,5,2,182
sub-05,5,3,42
sub-05,5,4,156
sub-05,5,5,193
sub-05,5,6,38
sub-05,5,7,155
sub-05,5,8,25
sub-05,5,9,121
sub-06,2,0,90
sub-06,2,1,186
sub-06,2,2,207
sub-06,2,3,158
sub-06,2,4,146
sub-06,2,5,176
sub-06,2,6,100
sub-06,2,7,85
sub-06,2,8,196
sub-06,2,9,43
sub-06,3,0,17
sub-06,3,1,187
sub-06,3,2,30
sub-06,3,3,173
sub-06,3,4,91
sub-06,3,5,33
sub-06,3,6,171
sub-06,3,7,140
sub-06,3,8,101
sub-06,3,9,192
sub-06,4,0,213
sub-06,4,1,75
sub-06,4,2,69
sub-06,4,3,36
sub-06,4,4,150
sub-06,4,5,15
sub-06,4,6,145
sub-06,4,7,22
sub-06,4,8,63
sub-06,4,9,188
sub-06,5,0,152
sub-06,5,1,42
sub-06,5,2,115
sub-06,5,3,126
sub-06,5,4,154
sub-06,5,5,201
sub-06,5,6,74
sub-06,5,7,67
sub-06,5,8,3
sub-06,5,9,54
sub-07,2,0,44
sub-07,2,1,35
sub-07,2,2,70
sub-07,2,3,121
sub-07,2,4,20
sub-07,2,5,87
sub-07,2,6,63
sub-07,2,7,212
sub-07,2,8,166
sub-07,2,9,91
sub-07,3,0,172
sub-07,3,1,131
sub-07,3,2,86
sub-07,3,3,73
sub-07,3,4,32
sub-07,3,5,114
sub-07,3,6,4
sub-07,3,7,183
sub-07,3,8,113
sub-07,3,9,201
sub-07,4,0,196
sub-07,4,1,122
sub-07,4,2,153
sub-07,4,3,62
sub-07,4,4,64
sub-07,4,5,103
sub-07,4,6,24
sub-07,4,7,191
sub-07,4,8,99
sub-07,4,9,33
sub-07,5,0,143
sub-07,5,1,89
sub-07,5,2,10
sub-07,5,3,151
sub-07,5,4,189
sub-07,5,5,213
sub-07,5,6,167
sub-07,5,7,123
sub-07,5,8,188
sub-07,5,9,14
sub-08,2,0,17
sub-08,2,1,9
sub-08,2,2,159
sub-08,2,3,105
sub-08,2,4,109
sub-08,2,5,13
sub-08,2,6,16
sub-08,2,7,48
sub-08,2,8,36
sub-08,2,9,162
sub-08,3,0,104
sub-08,3,1,103
sub-08,3,2,76
sub-08,3,3,166
sub-08,3,4,200
sub-08,3,5,95
sub-08,3,6,195
sub-08,3,7,167
sub-08,3,8,142
sub-08,3,9,46
sub-08,4,0,57
sub-08,4,1,187
sub-08,4,2,212
sub-08,4,3,131
sub-08,4,4,147
sub-08,4,5,168
sub-08,4,6,196
sub-08,4,7,8
sub-08,4,8,49
sub-08,4,9,106
sub-08,5,0,121
sub-08,5,1,144
sub-08,5,2,42
sub-08,5,3,77
sub-08,5,4,199
sub-08,5,5,136
sub-08,5,6,138
sub-08,5,7,201
sub-08,5,8,51
sub-08,5,9,185
sub-09,2,0,90
sub-09,2,1,186
sub-09,2,2,207
sub-09,2,3,158
sub-09,2,4,146
sub-09,2,5,176
sub-09,2,6,100
sub-09,2,7,85
sub-09,2,8,196
sub-09,2,9,43
sub-09,3,0,17
sub-09,3,1,187
sub-09,3,2,30
sub-09,3,3,173
sub-09,3,4,91
sub-09,3,5,33
sub-09,3,6,171
sub-09,3,7,140
sub-09,3,8,101
sub-09,3,9,192
sub-09,4,0,213
sub-09,4,1,75
sub-09,4,2,69
sub-09,4,3,36
sub-09,4,4,150
sub-09,4,5,15
sub-09,4,6,145
sub-09,4,7,22
sub-09,4,8,63
sub-09,4,9,188
sub-09,5,0,152
sub-09,5,1,42
sub-09,5,2,115
sub-09,5,3,126
sub-09,5,4,154
sub-09,5,5,201
sub-09,5,6,74
sub-09,5,7,67
sub-09,5,8,3
sub-09,5,9,54
sub-10,2,0,50
sub-10,2,1,25
sub-10,2,2,99
sub-10,2,3,127
sub-10,2,4,94
sub-10,2,5,110
sub-10,2,6,121
sub-10,2,7,173
sub-10,2,8,209
sub-10,2,9,65
sub-10,3,0,4
sub-10,3,1,83
sub-10,3,2,188
sub-10,3,3,68
sub-10,3,4,116
sub-10,3,5,111
sub-10,3,6,44
sub-10,3,7,105
sub-10,3,8,161
sub-10,3,9,187
sub-10,4,0,128
sub-10,4,1,79
sub-10,4,2,15
sub-10,4,3,49
sub-10,4,4,19
sub-10,4,5,207
sub-10,4,6,115
sub-10,4,7,26
sub-10,4,8,100
sub-10,4,9,7
sub-10,5,0,176
sub-10,5,1,11
sub-10,5,2,126
sub-10,5,3,112
sub-10,5,4,160
sub-10,5,5,75
sub-10,5,6,12
sub-10,5,7,91
sub-10,5,8,85
sub-10,5,9,103
sub-11,2,0,187
sub-11,2,1,16
sub-11,2,2,182
sub-11,2,3,211
sub-11,2,4,164
sub-11,2,5,128
sub-11,2,6,151
sub-11,2,7,166
sub-11,2,8,131
sub-11,2,9,171
sub-11,3,0,72
sub-11,3,1,119
sub-11,3,2,160
sub-11,3,3,74
sub-11,3,4,47
sub-11,3,5,202
sub-11,3,6,32
sub-11,3,7,143
sub-11,3,8,92
sub-11,3,9,99
sub-11,4,0,86
sub-11,4,1,121
sub-11,4,2,174
sub-11,4,3,40
sub-11,4,4,30
sub-11,4,5,11
sub-11,4,6,81
sub-11,4,7,190
sub-11,4,8,147
sub-11,4,9,165
sub-11,5,0,136
sub-11,5,1,55
sub-11,5,2,175
sub-11,5,3,148
sub-11,5,4,33
sub-11,5,5,150
sub-11,5,6,184
sub-11,5,7,45
sub-11,5,8,112
sub-11,5,9,3
sub-12,2,0,8
sub-12,2,1,111
sub-12,2,2,81
sub-12,2,3,143
sub-12,2,4,29
sub-12,2,5,202
sub-12,2,6,164
sub-12,2,7,152
sub-12,2,8,110
sub-12,2,9,101
sub-12,3,0,197
sub-12,3,1,73
sub-12,3,2,25
sub-12,3,3,43
sub-12,3,4,87
sub-12,3,5,95
sub-12,3,6,204
sub-12,3,7,34
sub-12,3,8,170
sub-12,3,9,181
sub-12,4,0,98
sub-12,4,1,184
sub-12,4,2,38
sub-12,4,3,123
sub-12,4,4,155
sub-12,4,5,76
sub-12,4,6,7
sub-12,4,7,132
sub-12,4,8,5
sub-12,4,9,121
sub-12,5,0,100
sub-12,5,1,51
sub-12,5,2,64
sub-12,5,3,205
sub-12,5,4,141
sub-12,5,5,210
sub-12,5,6,16
sub-12,5,7,118
sub-12,5,8,150
sub-12,5,9,180
sub-13,2,0,187
sub-13,2,1,16
sub-13,2,2,182
sub-13,2,3,211
sub-13,2,4,164
sub-13,2,5,128
sub-13,2,6,151
sub-13,2,7,166
sub-13,2,8,131
sub-13,2,9,171
sub-13,3,0,72
sub-13,3,1,119
sub-13,3,2,160
sub-13,3,3,74
sub-13,3,4,47
sub-13,3,5,202
sub-13,3,6,32
sub-13,3,7,143
sub-13,3,8,92
sub-13,3,9,99
sub-13,4,0,86
sub-13,4,1,121
sub-13,4,2,174
sub-13,4,3,40
sub-13,4,4,30
sub-13,4,5,11
sub-13,4,6,81
sub-13,4,7,190
sub-13,4,8,147
sub-13,4,9,165
sub-13,5,0,136
sub-13,5,1,55
sub-13,5,2,175
sub-13,5,3,148
sub-13,5,4,33
sub-13,5,5,150
sub-13,5,6,184
sub-13,5,7,45
sub-13,5,8,112
sub-13,5,9,3
sub-14,2,0,187
sub-14,2,1,16
sub-14,2,2,182
sub-14,2,3,211
sub-14,2,4,164
sub-14,2,5,128
sub-14,2,6,151
sub-14,2,7,166
sub-14,2,8,131
sub-14,2,9,171
sub-14,3,0,72
sub-14,3,1,119
sub-14,3,2,160
sub-14,3,3,74
sub-14,3,4,47
sub-14,3,5,202
sub-14,3,6,32
sub-14,3,7,143
sub-14,3,8,92
sub-14,3,9,99
sub-14,4,0,86
sub-14,4,1,121
sub-14,4,2,174
sub-14,4,3,40
sub-14,4,4,30
sub-14,4,5,11
sub-14,4,6,81
sub-14,4,7,190
sub-14,4,8,147
sub-14,4,9,165
sub-14,5,0,136
sub-14,5,1,55
sub-14,5,2,175
sub-14,5,3,148
sub-14,5,4,33
sub-14,5,5,150
sub-14,5,6,184
sub-14,5,7,45
sub-14,5,8,112
sub-14,5,9,3
sub-15,2,0,187
sub-15,2,1,16
sub-15,2,2,182
sub-15,2,3,211
sub-15,2,4,164
sub-15,2,5,128
sub-15,2,6,151
sub-15,2,7,166
sub-15,2,8,131
sub-15,2,9,171
sub-15,3,0,72
sub-15,3,1,119
sub-15,3,2,160
sub-15,3,3,74
sub-15,3,4,47
sub-15,3,5,202
sub-15,3,6,32
sub-15,3,7,143
sub-15,3,8,92
sub-15,3,9,99
sub-15,4,0,86
sub-15,4,1,121
sub-15,4,2,174
sub-15,4,3,40
sub-15,4,4,30
sub-15,4,5,11
sub-15,4,6,81
sub-15,4,7,190
sub-15,4,8,147
sub-15,4,9,165
sub-15,5,0,136
sub-15,5,1,55
sub-15,5,2,175
sub-15,5,3,148
sub-15,5,4,33
sub-15,5,5,150
sub-15,5,6,184
sub-15,5,7,45
sub-15,5,8,112
sub-15,5,9,3
sub-16,2,0,333
sub-16,2,1,193
sub-16,2,2,102
sub-16,2,3,318
sub-16,2,4,60
sub-16,2,5,147
sub-16,2,6,344
sub-16,2,7,316
sub-16,2,8,289
sub-16,2,9,250
sub-16,3,0,281
sub-16,3,1,64
sub-16,3,2,61
sub-16,3,3,291
sub-16,3,4,15
sub-16,3,5,59
sub-16,3,6,9
sub-16,3,7,211
sub-16,3,8,270
sub-16,3,9,334
sub-16,4,0,178
sub-16,4,1,233
sub-16,4,2,214
sub-16,4,3,100
sub-16,4,4,166
sub-16,4,5,231
sub-16,4,6,79
sub-16,4,7,319
sub-16,4,8,256
sub-16,4,9,272
sub-16,5,0,269
sub-16,5,1,127
sub-16,5,2,265
sub-16,5,3,345
sub-16,5,4,328
sub-16,5,5,144
sub-16,5,6,261
sub-16,5,7,65
sub-16,5,8,29
sub-16,5,9,306
sub-17,2,0,62
sub-17,2,1,163
sub-17,2,2,160
sub-17,2,3,333
sub-17,2,4,140
sub-17,2,5,113
sub-17,2,6,135
sub-17,2,7,357
sub-17,2,8,166
sub-17,2,9,176
sub-17,3,0,6
sub-17,3,1,170
sub-17,3,2,123
sub-17,3,3,291
sub-17,3,4,303
sub-17,3,5,148
sub-17,3,6,174
sub-17,3,7,3
sub-17,3,8,32
sub-17,3,9,343
sub-17,4,0,254
sub-17,4,1,304
sub-17,4,2,211
sub-17,4,3,119
sub-17,4,4,214
sub-17,4,5,271
sub-17,4,6,112
sub-17,4,7,133
sub-17,4,8,186
sub-17,4,9,60
sub-17,5,0,190
sub-17,5,1,55
sub-17,5,2,69
sub-17,5,3,232
sub-17,5,4,296
sub-17,5,5,306
sub-17,5,6,147
sub-17,5,7,40
sub-17,5,8,152
sub-17,5,9,91
sub-18,2,0,213
sub-18,2,1,284
sub-18,2,2,46
sub-18,2,3,134
sub-18,2,4,86
sub-18,2,5,326
sub-18,2,6,72
sub-18,2,7,70
sub-18,2,8,51
sub-18,2,9,224
sub-18,3,0,353
sub-18,3,1,64
sub-18,3,2,147
sub-18,3,3,97
sub-18,3,4,296
sub-18,3,5,137
sub-18,3,6,230
sub-18,3,7,289
sub-18,3,8,223
sub-18,3,9,30
sub-18,4,0,355
sub-18,4,1,19
sub-18,4,2,288
sub-18,4,3,348
sub-18,4,4,214
sub-18,4,5,24
sub-18,4,6,130
sub-18,4,7,139
sub-18,4,8,146
sub-18,4,9,350
sub-18,5,0,210
sub-18,5,1,317
sub-18,5,2,164
sub-18,5,3,73
sub-18,5,4,179
sub-18,5,5,52
sub-18,5,6,208
sub-18,5,7,227
sub-18,5,8,204
sub-18,5,9,215
sub-19,2,0,62
sub-19,2,1,163
sub-19,2,2,160
sub-19,2,3,333
sub-19,2,4,140
sub-19,2,5,113
sub-19,2,6,135
sub-19,2,7,357
sub-19,2,8,166
sub-19,2,9,176
sub-19,3,0,6
sub-19,3,1,170
sub-19,3,2,123
sub-19,3,3,291
sub-19,3,4,303
sub-19,3,5,148
sub-19,3,6,174
sub-19,3,7,3
sub-19,3,8,32
sub-19,3,9,343
sub-19,4,0,254
sub-19,4,1,304
sub-19,4,2,211
sub-19,4,3,119
sub-19,4,4,214
sub-19,4,5,271
sub-19,4,6,112
sub-19,4,7,133
sub-19,4,8,186
sub-19,4,9,60
sub-19,5,0,190
sub-19,5,1,55
sub-19,5,2,69
sub-19,5,3,232
sub-19,5,4,296
sub-19,5,5,306
sub-19,5,6,147
sub-19,5,7,40
sub-19,5,8,152
sub-19,5,9,91
sub-20,2,0,77
sub-20,2,1,211
sub-20,2,2,185
sub-20,2,3,303
sub-20,2,4,244
sub-20,2,5,318
sub-20,2,6,354
sub-20,2,7,200
sub-20,2,8,337
sub-20,2,9,40
sub-20,3,0,54
sub-20,3,1,94
sub-20,3,2,5
sub-20,3,3,346
sub-20,3,4,56
sub-20,3,5,204
sub-20,3,6,75
sub-20,3,7,291
sub-20,3,8,128
sub-20,3,9,245
sub-20,4,0,114
sub-20,4,1,31
sub-20,4,2,116
sub-20,4,3,173
sub-20,4,4,280
sub-20,4,5,144
sub-20,4,6,172
sub-20,4,7,69
sub-20,4,8,181
sub-20,4,9,351
sub-20,5,0,341
sub-20,5,1,305
sub-20,5,2,356
sub-20,5,3,158
sub-20,5,4,270
sub-20,5,5,183
sub-20,5,6,266
sub-20,5,7,139
sub-20,5,8,249
sub-20,5,9,136
sub-21,2,0,62
sub-21,2,1,163
sub-21,2,2,160
sub-21,2,3,333
sub-21,2,4,140
sub-21,2,5,113
sub-21,2,6,135
sub-21,2,7,357
sub-21,2,8,166
sub-21,2,9,176
sub-21,3,0,6
sub-21,3,1,170
sub-21,3,2,123
sub-21,3,3,291
sub-21,3,4,303
sub-21,3,5,148
sub-21,3,6,174
sub-21,3,7,3
sub-21,3,8,32
sub-21,3,9,343
sub-21,4,0,254
sub-21,4,1,304
sub-21,4,2,211
sub-21,4,3,119
sub-21,4,4,214
sub-21,4,5,271
sub-21,4,6,112
sub-21,4,7,133
sub-21,4,8,186
sub-21,4,9,60
sub-21,5,0,190
sub-21,5,1,55
sub-21,5,2,69
sub-21,5,3,232
sub-21,5,4,296
sub-21,5,5,306
sub-21,5,6,147
sub-21,5,7,40
sub-21,5,8,152
sub-21,5,9,91
sub-22,2,0,62
sub-22,2,1,163
sub-22,2,2,160
sub-22,2,3,333
sub-22,2,4,140
sub-22,2,5,113
sub-22,2,6,135
sub-22,2,7,357
sub-22,2,8,166
sub-22,2,9,176
sub-22,3,0,6
sub-22,3,1,170
sub-22,3,2,123
sub-22,3,3,291
sub-22,3,4,303
sub-22,3,5,148
sub-22,3,6,174
sub-22,3,7,3
sub-22,3,8,32
sub-22,3,9,343
sub-22,4,0,254
sub-22,4,1,304
sub-22,4,2,211
sub-22,4,3,119
sub-22,4,4,214
sub-22,4,5,271
sub-22,4,6,112
sub-22,4,7,133
sub-22,4,8,186
sub-22,4,9,60
sub-22,5,0,190
sub-22,5,1,55
sub-22,5,2,69
sub-22,5,3,232
sub-22,5,4,296
sub-22,5,5,306
sub-22,5,6,147
sub-22,5,7,40
sub-22,5,8,152
sub-22,5,9,91
sub-23,2,0,62
sub-23,2,1,163
sub-23,2,2,160
sub-23,2,3,333
sub-23,2,4,140
sub-23,2,5,113
sub-23,2,6,135
sub-23,2,7,357
sub-23,2,8,166
sub-23,2,9,176
sub-23,3,0,6
sub-23,3,1,170
sub-23,3,2,123
sub-23,3,3,291
sub-23,3,4,303
sub-23,3,5,148
sub-23,3,6,174
sub-23,3,7,3
sub-23,3,8,32
sub-23,3,9,343
sub-23,4,0,254
sub-23,4,1,304
sub-23,4,2,211
sub-23,4,3,119
sub-23,4,4,214
sub-23,4,5,271
sub-23,4,6,112
sub-23,4,7,133
sub-23,4,8,186
sub-23,4,9,60
sub-23,5,0,190
sub-23,5,1,55
sub-23,5,2,69
sub-23,5,3,232
sub-23,5,4,296
sub-23,5,5,306
sub-23,5,6,147
sub-23,5,7,40
sub-23,5,8,152
sub-23,5,9,91
sub-24,2,0,62
sub-24,2,1,163
sub-24,2,2,160
sub-24,2,3,333
sub-24,2,4,140
sub-24,2,5,113
sub-24,2,6,135
sub-24,2,7,357
sub-24,2,8,166
sub-24,2,9,176
sub-24,3,0,6
sub-24,3,1,170
sub-24,3,2,123
sub-24,3,3,291
sub-24,3,4,303
sub-24,3,5,148
sub-24,3,6,174
sub-24,3,7,3
sub-24,3,8,32
sub-24,3,9,343
sub-24,4,0,254
sub-24,4,1,304
sub-24,4,2,211
sub-24,4,3,119
sub-24,4,4,214
sub-24,4,5,271
sub-24,4,6,112
sub-24,4,7,133
sub-24,4,8,186
sub-24,4,9,60
sub-24,5,0,190
sub-24,5,1,55
sub-24,5,2,69
sub-24,5,3,232
sub-24,5,4,296
sub-24,5,5,306
sub-24,5,6,147
sub-24,5,7,40
sub-24,5,8,152
sub-24,5,9,91
sub-25,2,0,62
sub-25,2,1,163
sub-25,2,2,160
sub-25,2,3,333
sub-25,2,4,140
sub-25,2,5,113
sub-25,2,6,135
sub-25,2,7,357
sub-25,2,8,166
sub-25,2,9,176
sub-25,3,0,6
sub-25,3,1,170
sub-25,3,2,123
sub-25,3,3,291
sub-25,3,4,303
sub-25,3,5,148
sub-25,3,6,174
sub-25,3,7,3
sub-25,3,8,32
sub-25,3,9,343
sub-25,4,0,254
sub-25,4,1,304
sub-25,4,2,211
sub-25,4,3,119
sub-25,4,4,214
sub-25,4,5,271
sub-25,4,6,112
sub-25,4,7,133
sub-25,4,8,186
sub-25,4,9,60
sub-25,5,0,190
sub-25,5,1,55
sub-25,5,2,69
sub-25,5,3,232
sub-25,5,4,296
sub-25,5,5,306
sub-25,5,6,147
sub-25,5,7,40
sub-25,5,8,152
sub-25,5,9,91
sub-26,2,0,62
sub-26,2,1,163
sub-26,2,2,160
sub-26,2,3,333
sub-26,2,4,140
sub-26,2,5,113
sub-26,2,6,135
sub-26,2,7,357
sub-26,2,8,166
sub-26,2,9,176
sub-26,3,0,6
sub-26,3,1,170
sub-26,3,2,123
sub-26,3,3,291
sub-26,3,4,303
sub-26,3,5,148
sub-26,3,6,174
sub-26,3,7,3
sub-26,3,8,32
sub-26,3,9,343
sub-26,4,0,254
sub-26,4,1,304
sub-26,4,2,211
sub-26,4,3,119
sub-26,4,4,214
sub-26,4,5,271
sub-26,4,6,112
sub-26,4,7,133
sub-26,4,8,186
sub-26,4,9,60
sub-26,5,0,190
sub-26,5,1,55
sub-26,5,2,69
sub-26,5,3,232
sub-26,5,4,296
sub-26,5,5,306
sub-26,5,6,147
sub-26,5,7,40
sub-26,5,8,152
sub-26,5,9,91
sub-27,2,0,62
sub-27,2,1,163
sub-27,2,2,160
sub-27,2,3,333
sub-27,2,4,140
sub-27,2,5,113
sub-27,2,6,135
sub-27,2,7,357
sub-27,2,8,166
sub-27,2,9,176
sub-27,3,0,6
sub-27,3,1,170
sub-27,3,2,123
sub-27,3,3,291
sub-27,3,4,303
sub-27,3,5,148
sub-27,3,6,174
sub-27,3,7,3
sub-27,3,8,32
sub-27,3,9,343
sub-27,4,0,254
sub-27,4,1,304
sub-27,4,2,211
sub-27,4,3,119
sub-27,4,4,214
sub-27,4,5,271
sub-27,4,6,112
sub-27,4,7,133
sub-27,4,8,186
sub-27,4,9,60
sub-27,5,0,190
sub-27,5,1,55
sub-27,5,2,69
sub-27,5,3,232
sub-27,5,4,296
sub-27,5,5,306
sub-27,5,6,147
sub-27,5,7,40
sub-27,5,8,152
sub-27,5,9,91
sub-28,2,0,62
sub-28,2,1,163
sub-28,2,2,160
sub-28,2,3,333
sub-28,2,4,140
sub-28,2,5,113
sub-28,2,6,135
sub-28,2,7,357
sub-28,2,8,166
sub-28,2,9,176
sub-28,3,0,6
sub-28,3,1,170
sub-28,3,2,123
sub-28,3,3,291
sub-28,3,4,303
sub-28,3,5,148
sub-28,3,6,174
sub-28,3,7,3
sub-28,3,8,32
sub-28,3,9,343
sub-28,4,0,254
sub-28,4,1,304
sub-28,4,2,211
sub-28,4,3,119
sub-28,4,4,214
sub-28,4,5,271
sub-28,4,6,112
sub-28,4,7,133
sub-28,4,8,186
sub-28,4,9,60
sub-28,5,0,190
sub-28,5,1,55
sub-28,5,2,69
sub-28,5,3,232
sub-28,5,4,296
sub-28,5,5,306
sub-28,5,6,147
sub-28,5,7,40
sub-28,5,8,152
sub-28,5,9,91
sub-29,2,0,62
sub-29,2,1,163
sub-29,2,2,160
sub-29,2,3,333
sub-29,2,4,140
sub-29,2,5,113
sub-29,2,6,135
sub-29,2,7,357
sub-29,2,8,166
sub-29,2,9,176
sub-29,3,0,6
sub-29,3,1,170
sub-29,3,2,123
sub-29,3,3,291
sub-29,3,4,303
sub-29,3,5,148
sub-29,3,6,174
sub-29,3,7,3
sub-29,3,8,32
sub-29,3,9,343
sub-29,4,0,295
sub-29,4,1,341
sub-29,4,2,257
sub-29,4,3,335
sub-29,4,4,314
sub-29,4,5,254
sub-29,4,6,286
sub-29,4,7,307
sub-29,4,8,213
sub-29,4,9,255
sub-29,5,0,43
sub-29,5,1,289
sub-29,5,2,28
sub-29,5,3,293
sub-29,5,4,208
sub-29,5,5,270
sub-29,5,6,262
sub-29,5,7,312
sub-29,5,8,310
sub-29,5,9,315
sub-30,2,0,62
sub-30,2,1,163
sub-30,2,2,160
sub-30,2,3,333
sub-30,2,4,140
sub-30,2,5,113
sub-30,2,6,135
sub-30,2,7,357
sub-30,2,8,166
sub-30,2,9,176
sub-30,3,0,6
sub-30,3,1,170
sub-30,3,2,123
sub-30,3,3,291
sub-30,3,4,303
sub-30,3,5,148
sub-30,3,6,174
sub-30,3,7,3
sub-30,3,8,32
sub-30,3,9,343
sub-30,4,0,352
sub-30,4,1,299
sub-30,4,2,325
sub-30,4,3,242
sub-30,4,4,235
sub-30,4,5,225
sub-30,4,6,344
sub-30,4,7,203
sub-30,4,8,169
sub-30,4,9,250
sub-30,5,0,212
sub-30,5,1,238
sub-30,5,2,275
sub-30,5,3,290
sub-30,5,4,120
sub-30,5,5,234
sub-30,5,6,340
sub-30,5,7,251
sub-30,5,8,326
sub-30,5,9,125
sub-31,2,0,62
sub-31,2,1,163
sub-31,2,2,160
sub-31,2,3,333
sub-31,2,4,140
sub-31,2,5,113
sub-31,2,6,135
sub-31,2,7,357
sub-31,2,8,166
sub-31,2,9,176
sub-31,3,0,6
sub-31,3,1,170
sub-31,3,2,123
sub-31,3,3,291
sub-31,3,4,303
sub-31,3,5,148
sub-31,3,6,174
sub-31,3,7,3
sub-31,3,8,32
sub-31,3,9,343
sub-31,4,0,198
sub-31,4,1,226
sub-31,4,2,293
sub-31,4,3,295
sub-31,4,4,342
sub-31,4,5,320
sub-31,4,6,201
sub-31,4,7,301
sub-31,4,8,199
sub-31,4,9,294
sub-31,5,0,267
sub-31,5,1,258
sub-31,5,2,260
sub-31,5,3,248
sub-31,5,4,27
sub-31,5,5,213
sub-31,5,6,163
sub-31,5,7,335
sub-31,5,8,71
sub-31,5,9,276
