subject,question,rho,n
sub-01,pleasant,-0.17477813330742883,33
sub-01,energetic,-0.10435960692525736,27
sub-01,tense,-0.3722927388889952,29
sub-01,angry,0.11258227727214713,35
sub-01,afraid,-0.16440687523847577,28
sub-01,happy,0.21958565020623066,28
sub-01,sad,-0.05032725922040558,26
sub-01,tender,-0.5105477334833664,29
sub-02,pleasant,0.10619344524595989,30
sub-02,energetic,-0.2735245011874748,31
sub-02,tense,0.1692754257760065,27
sub-02,angry,-0.3048211358149577,28
sub-02,afraid,-0.24858425020252853,30
sub-02,happy,-0.1987838799955002,29
sub-02,sad,0.21796504116103946,26
sub-02,tender,-0.20470571549298913,31
sub-03,pleasant,-0.3282793657072894,34
sub-03,energetic,-0.49717101448608675,32
sub-03,tense,-0.33032048703337663,30
sub-03,angry,-0.33163890090438614,31
sub-03,afraid,-0.29432262251255364,32
sub-03,happy,-0.3343273254112217,23
sub-03,sad,-0.27554771021160324,28
sub-03,tender,-0.3036001986926262,29
sub-04,pleasant,-0.10141831661139782,28
sub-04,energetic,-0.32522181779399545,25
sub-04,tense,-0.23048055447065424,27
sub-04,angry,-0.142541581646235,30
sub-04,afraid,0.3532964887939596,31
sub-04,happy,-0.4927733064070334,32
sub-04,sad,-0.4516446660134794,28
sub-04,tender,0.2526697686656965,32
sub-05,pleasant,-0.06689002239534163,34
sub-05,energetic,-0.2947343474440312,29
sub-05,tense,-0.045490949832776406,33
sub-05,angry,-0.45587655812976363,31
sub-05,afraid,-0.005708231210422849,31
sub-05,happy,-0.3858617869729468,25
sub-05,sad,-0.1936290715426696,29
sub-05,tender,-0.3820892451527977,31
sub-06,pleasant,0.0055393036057488675,31
sub-06,energetic,-0.43102773747490153,29
sub-06,tense,-0.013718509294134318,29
sub-06,angry,-0.06698393474517599,33
sub-06,afraid,0.2315455567328601,28
sub-06,happy,-0.1483343225663504,26
sub-06,sad,-0.40920094017688047,27
sub-06,tender,0.1465289203823089,32
sub-07,pleasant,-0.03503946108041403,34
sub-07,energetic,-0.5329908555717673,31
sub-07,tense,-0.3938176996097027,29
sub-07,angry,-0.25443596005414437,30
sub-07,afraid,-0.23777640993199745,30
sub-07,happy,-0.19341531007057147,26
sub-07,sad,-0.2232185561788505,28
sub-07,tender,0.21612361853952233,35
sub-08,pleasant,-0.5657745057390027,29
sub-08,energetic,-0.221499618614188,30
sub-08,tense,-0.2573749622409763,30
sub-08,angry,-0.16616504809779076,28
sub-08,afraid,0.14761075375997101,35
sub-08,happy,-0.4668169776789787,26
sub-08,sad,0.10406835527870985,29
sub-08,tender,-0.05140910657612475,28
sub-09,pleasant,-0.2727923591024667,32
sub-09,energetic,-0.2583250956200643,30
sub-09,tense,-0.22942996569889476,29
sub-09,angry,-0.2569209868972697,34
sub-09,afraid,-0.1358725491348755,28
sub-09,happy,-0.20479459525551277,26
sub-09,sad,-0.29477459377156773,28
sub-09,tender,-0.05598302812696586,33
sub-10,pleasant,-0.3340564537706784,29
sub-10,energetic,-0.3410085741116824,30
sub-10,tense,-0.6059533736342353,29
sub-10,angry,-0.5182980479267179,31
sub-10,afraid,-0.2492322339107839,34
sub-10,happy,-0.37483075889717116,26
sub-10,sad,-0.36598292737134563,33
sub-10,tender,0.4364992523990836,24
sub-11,pleasant,-0.07858688544452873,28
sub-11,energetic,-0.16208538086988936,32
sub-11,tense,-0.4610760711911202,30
sub-11,angry,-0.2369694055170489,31
sub-11,afraid,-0.0017302268122614066,28
sub-11,happy,0.138345055929241,26
sub-11,sad,-0.37067055823507694,29
sub-11,tender,-0.15555155660645886,31
sub-12,pleasant,-0.044114000472642516,33
sub-12,energetic,-0.0442942433977807,30
sub-12,tense,-0.24357403830724836,25
sub-12,angry,-0.11386028168526477,30
sub-12,afraid,0.06340115125524373,35
sub-12,happy,-0.12201295799325845,27
sub-12,sad,-0.006076768907947036,28
sub-12,tender,-0.24772933287796337,24
sub-13,pleasant,-0.10676095844321916,28
sub-13,energetic,-0.2605870603416238,32
sub-13,tense,-0.3391507677434443,30
sub-13,angry,-0.08684102653501406,32
sub-13,afraid,-0.3594247904493827,27
sub-13,happy,-0.07292638827281976,26
sub-13,sad,-0.37241404785187343,29
sub-13,tender,-0.3386204300182983,31
sub-14,pleasant,0.4147161530289842,29
sub-14,energetic,-0.2510987570800115,33
sub-14,tense,0.015022702521345988,30
sub-14,angry,-0.39259649189388063,30
sub-14,afraid,-0.34126774854053626,27
sub-14,happy,0.23224433809720588,26
sub-14,sad,-0.2821632296248689,28
sub-14,tender,-0.4071281535344492,31
sub-15,pleasant,-0.6167298259931946,29
sub-15,energetic,-0.15932405441616754,32
sub-15,tense,-0.30696887633874237,30
sub-15,angry,-0.20486678774302464,32
sub-15,afraid,-0.3650034305212326,26
sub-15,happy,-0.01452237570855737,26
sub-15,sad,-0.6313007266474171,28
sub-15,tender,-0.5131861041983585,31
sub-16,pleasant,-0.545351743120652,30
sub-16,energetic,-0.270867781372125,30
sub-16,tense,-0.1900996956840092,27
sub-16,angry,-0.5536921993970033,27
sub-16,afraid,-0.14714810044445073,28
sub-16,happy,-0.32494928361128206,33
sub-16,sad,0.12722174971907796,28
sub-16,tender,-0.2800861229468016,30
sub-17,pleasant,-0.11659357404805076,32
sub-17,energetic,0.39786463807711125,29
sub-17,tense,-0.4141014515762889,32
sub-17,angry,-0.39835110160581844,27
sub-17,afraid,-0.2970226042220123,27
sub-17,happy,-0.2456065007957419,29
sub-17,sad,-0.44764286083922006,27
sub-17,tender,-0.5045756567258156,29
sub-18,pleasant,-0.3165544069941594,33
sub-18,energetic,0.07282499897275663,31
sub-18,tense,-0.647033127827108,26
sub-18,angry,0.1727744176500285,25
sub-18,afraid,-0.17176228358242962,31
sub-18,happy,-0.12459961119105163,33
sub-18,sad,-0.46974416572315764,31
sub-18,tender,-0.08820521233953914,26
sub-19,pleasant,-0.3564540062992552,32
sub-19,energetic,-0.15902315219496452,29
sub-19,tense,-0.3897125224037814,33
sub-19,angry,-0.2959123289024946,27
sub-19,afraid,-0.20305811346512526,28
sub-19,happy,-0.34109707630798974,30
sub-19,sad,-0.24743130081765513,27
sub-19,tender,-0.2812821729442843,29
sub-20,pleasant,-0.5985997231459229,28
sub-20,energetic,-0.41177661478837807,30
sub-20,tense,-0.4686519510651315,28
sub-20,angry,-0.19896109652478675,29
sub-20,afraid,0.19987480535638782,29
sub-20,happy,-0.0324353851277818,32
sub-20,sad,-0.09187111474890271,33
sub-20,tender,-0.08645347691712989,30
sub-21,pleasant,0.2558675720691125,32
sub-21,energetic,-0.15692950451648874,29
sub-21,tense,-0.16877010050733432,32
sub-21,angry,0.05544042245565499,26
sub-21,afraid,-0.5091697138756877,28
sub-21,happy,0.07237664374753282,30
sub-21,sad,0.1804922481564091,27
sub-21,tender,-0.18002566890598562,29
sub-22,pleasant,-0.272998380785962,32
sub-22,energetic,-0.1650994120367151,27
sub-22,tense,-0.5175467253721574,33
sub-22,angry,-0.28676972204110407,28
sub-22,afraid,-0.19716102964872578,28
sub-22,happy,-0.3200033094451911,30
sub-22,sad,-0.11617657025771279,29
sub-22,tender,0.09219888016807011,29
sub-23,pleasant,-0.3678584604312918,32
sub-23,energetic,-0.3695427094588075,28
sub-23,tense,-0.6253156564050295,32
sub-23,angry,-0.511568052869226,27
sub-23,afraid,-0.24096238316628965,28
sub-23,happy,-0.33971985459427223,30
sub-23,sad,-0.0993134778209535,28
sub-23,tender,-0.1540294846890452,29
sub-24,pleasant,-0.2072408569033465,32
sub-24,energetic,-0.46671341234694275,29
sub-24,tense,-0.29195641263257016,32
sub-24,angry,-0.5879150033217189,26
sub-24,afraid,-0.07625709037686863,28
sub-24,happy,-0.4392735722232491,30
sub-24,sad,-0.26063281646164227,28
sub-24,tender,0.261136251447905,29
sub-25,pleasant,-0.3157639665105898,32
sub-25,energetic,-0.22652548555076732,29
sub-25,tense,0.04283256694063763,32
sub-25,angry,-0.4076676451424059,27
sub-25,afraid,-0.48463074460191935,27
sub-25,happy,-0.21220513759687923,29
sub-25,sad,0.12058623893317451,27
sub-25,tender,0.13636920469292188,29
sub-26,pleasant,-0.3966918632191651,32
sub-26,energetic,0.5118084414406368,29
sub-26,tense,-0.47050354731275057,33
sub-26,angry,-0.4183287372712676,27
sub-26,afraid,-0.18174081671058787,29
sub-26,happy,-0.2973639892186559,30
sub-26,sad,-0.42221528188795354,29
sub-26,tender,-0.13294143175425993,29
sub-27,pleasant,0.057856091477920896,32
sub-27,energetic,-0.31858378244961455,29
sub-27,tense,-0.26048819551830615,33
sub-27,angry,-0.27617267106866394,27
sub-27,afraid,-0.3105911056754351,29
sub-27,happy,-0.280260063335795,30
sub-27,sad,-0.23983919344555285,29
sub-27,tender,-0.17748348450678708,29
sub-28,pleasant,-0.3415731952924426,32
sub-28,energetic,-0.07345236322652614,29
sub-28,tense,-0.12915852596749056,32
sub-28,angry,-0.7214228557279886,26
sub-28,afraid,-0.5350478897966813,27
sub-28,happy,0.11191776291248115,29
sub-28,sad,-0.25905432739634526,27
sub-28,tender,-0.21206175405576305,29
sub-29,pleasant,-0.2050323517010974,27
sub-29,energetic,-0.44920090062248197,29
sub-29,tense,-0.30880302648376917,28
sub-29,angry,-0.45947030205197,30
sub-29,afraid,-0.21740860529096429,30
sub-29,happy,-0.11605724484677939,29
sub-29,sad,-0.19236755715258974,33
sub-29,tender,-0.20909818219237775,28
sub-30,pleasant,-0.31190172783019116,30
sub-30,energetic,0.6133582505237009,30
sub-30,tense,-0.2676449696111692,26
sub-30,angry,-0.31611897039862713,32
sub-30,afraid,-0.4032635324139352,27
sub-30,happy,-0.036718198267528514,33
sub-30,sad,-0.35757336641071524,32
sub-30,tender,0.16705495159358577,29
sub-31,pleasant,-0.25659861138358087,30
sub-31,energetic,0.14704241524106976,31
sub-31,tense,-0.08985911202719057,28
sub-31,angry,-0.13450878003208158,30
sub-31,afraid,-0.4971493145151771,28
sub-31,happy,-0.3185011611632145,30
sub-31,sad,-0.3420163769891561,30
sub-31,tender,-0.22006187761902002,28
