measure,kind,n,icc,split_half_sb,perm_p,null_icc
beta_central,eeg,1240,0.04023646810122093,0.18474894159358396,0.029940119760479042,-2.169042065839491e-05
beta_frontal,eeg,1240,0.024676711198353775,0.11454096119359612,0.1317365269461078,-0.0008494369418564372
gamma_occipital,eeg,1240,0.01814545115976332,0.24471575249320462,0.25948103792415167,0.0019841108464108137
beta_occipital,eeg,1240,0.008584830272581962,0.08789592131087996,0.3313373253493014,-0.00036896283265911513
theta_occipital,eeg,1240,0.008386720570035073,-0.5719732854495156,0.3373253493013972,0.0003131667630018352
beta_temporal,eeg,1240,0.0029857704732893617,-0.09178918412733593,,
delta_frontal,eeg,1240,0.0024852058616674534,0.09290425016400877,,
beta_parietal,eeg,1240,0.002033477474629374,0.11290099173011114,,
delta_central,eeg,1240,0.001976073158893182,0.2122826779195034,,
delta_parietal,eeg,1240,0.0006236545554013957,0.09896910916642312,,
alpha_occipital,eeg,1240,-0.0056660614799733475,-0.10796766921652118,,
alpha_frontal,eeg,1240,-0.008669250571168153,-0.10768313015890164,,
faa,eeg,1240,-0.009954490408435572,0.20199577791308826,,
alpha_parietal,eeg,1240,-0.010213635120885654,-0.21912831905921526,,
alpha_temporal,eeg,1240,-0.011435212261933255,0.2834852152686356,,
gamma_parietal,eeg,1240,-0.011686234152505307,0.17811506711394337,,
theta_frontal,eeg,1240,-0.01213772204489243,-0.3074061927413507,,
alpha_central,eeg,1240,-0.014418085089672928,0.22934902753688477,,
theta_central,eeg,1240,-0.01587570558517902,-0.1597072079074343,,
gamma_central,eeg,1240,-0.0162017800527222,0.2790870809300856,,
delta_occipital,eeg,1240,-0.01628138774674733,-0.0016639585666692758,,
theta_temporal,eeg,1240,-0.01797264338304721,-0.5343575034651287,,
delta_temporal,eeg,1240,-0.020265706874314938,-0.13170378050830198,,
gamma_frontal,eeg,1240,-0.026648982980006893,0.30842674111246504,,
theta_parietal,eeg,1240,-0.0313559375071683,-0.566704995707623,,
gamma_temporal,eeg,1240,-0.03330355864197878,0.19077838876829914,,
tender,rating,628,0.334569373854483,0.8691668416751444,0.001996007984031936,0.0019457834417397136
angry,rating,688,0.2559433558881659,0.8665669714173195,0.001996007984031936,0.0006906906318359262
happy,rating,681,0.24753949104791192,0.8144717197612874,0.001996007984031936,0.0001897317894631805
sad,rating,636,0.2210960926797348,0.7885583330213315,0.001996007984031936,0.003382918279498413
pleasant,rating,736,0.2190747942479775,0.7998813838163027,0.001996007984031936,0.002383285966163866
tense,rating,689,0.206893028055394,0.7927714817336312,0.001996007984031936,-0.0021277455773510983
afraid,rating,648,0.17027316541541757,0.8177043042114789,0.001996007984031936,0.0028624458519239645
energetic,rating,658,0.15808121910500306,0.6973417954122081,0.001996007984031936,0.0004849314390871203
