feature,value,contribution,feature_class
spec_flatness_std,8.990200109248692e-05,-0.28299124384417995,Temporal variability
spec_flatness_std,0.000664064329380566,-0.2885574170216364,Temporal variability
spec_flatness_std,0.012283581765994072,-0.2836686524326891,Temporal variability
spec_flatness_std,0.012758196392879513,-0.2733754117746841,Temporal variability
spec_flatness_std,0.012956311648883157,-0.2579997055017974,Temporal variability
spec_flatness_std,0.01314120941328789,-0.24895815435099183,Temporal variability
spec_flatness_std,0.013300799510186534,-0.23020377217296623,Temporal variability
spec_flatness_std,0.013511313821837841,-0.21509802162998873,Temporal variability
spec_flatness_std,0.013665398229875829,-0.20116079960422378,Temporal variability
spec_flatness_std,0.013771574400286686,-0.18697659792201507,Temporal variability
spec_flatness_std,0.013903889280351047,-0.1719916487149203,Temporal variability
spec_flatness_std,0.014041128410602243,-0.16140687164541126,Temporal variability
spec_flatness_std,0.014205026194574453,-0.15075039500691137,Temporal variability
spec_flatness_std,0.014353751101745478,-0.1337960867470789,Temporal variability
spec_flatness_std,0.014568522041769259,-0.1172572045214922,Temporal variability
spec_flatness_std,0.014793329900185108,-0.09316742442479067,Temporal variability
spec_flatness_std,0.01495369259976781,-0.07183723692494814,Temporal variability
spec_flatness_std,0.015122569138455052,-0.05662933067926175,Temporal variability
spec_flatness_std,0.015323354822158096,-0.04299726749903346,Temporal variability
spec_flatness_std,0.015617877593188959,-0.03312132534378272,Temporal variability
spec_flatness_std,0.01574838239647611,-0.020298903547790802,Temporal variability
spec_flatness_std,0.015974716340183027,-0.007881852601297827,Temporal variability
spec_flatness_std,0.016145929172508677,-0.0007593976178105897,Temporal variability
spec_flatness_std,0.01630231735578215,0.004831754032922022,Temporal variability
spec_flatness_std,0.016439290358508413,0.010909718578196441,Temporal variability
spec_flatness_std,0.016611722152591064,0.015181350210505741,Temporal variability
spec_flatness_std,0.016870687068159293,0.020601397087713424,Temporal variability
spec_flatness_std,0.017121145389884622,0.02363791437299794,Temporal variability
spec_flatness_std,0.01733664443683607,0.025190105325926228,Temporal variability
spec_flatness_std,0.01748693166118933,0.027536067561834434,Temporal variability
spec_flatness_std,0.017743966424260006,0.030050732696463137,Temporal variability
spec_flatness_std,0.018005472692203754,0.03248556237124756,Temporal variability
spec_flatness_std,0.018232004725641536,0.035253640041361424,Temporal variability
spec_flatness_std,0.018489509058597524,0.03733479960645879,Temporal variability
spec_flatness_std,0.018881907947464548,0.04158813874102917,Temporal variability
spec_flatness_std,0.01919529887586449,0.0424043946818094,Temporal variability
spec_flatness_std,0.019483103888497843,0.042900424193372866,Temporal variability
spec_flatness_std,0.019849181561553433,0.04342370242423474,Temporal variability
spec_flatness_std,0.02032367873632787,0.04498166269099471,Temporal variability
spec_flatness_std,0.020736689816667247,0.047421275183237896,Temporal variability
spec_flatness_std,0.021089587697139416,0.049073794136650695,Temporal variability
spec_flatness_std,0.02135236225599741,0.04971897937021143,Temporal variability
spec_flatness_std,0.021624054838610816,0.05077947820371088,Temporal variability
spec_flatness_std,0.021975810032746818,0.05230335611995897,Temporal variability
spec_flatness_std,0.022480057614427864,0.054707710276011005,Temporal variability
spec_flatness_std,0.02284467868469255,0.058620751650266124,Temporal variability
spec_flatness_std,0.023329960908706728,0.0614112168623025,Temporal variability
spec_flatness_std,0.023823059995293168,0.063660429534072,Temporal variability
spec_flatness_std,0.024394392197826412,0.07045947196091741,Temporal variability
spec_flatness_std,0.02513096859904818,0.07820274369017548,Temporal variability
spec_flatness_std,0.025956263876230762,0.08820657496317837,Temporal variability
spec_flatness_std,0.027058431917324686,0.10468819284097611,Temporal variability
spec_flatness_std,0.028337739238744945,0.12271498541557739,Temporal variability
spec_flatness_std,0.03002326885008544,0.13604817595081553,Temporal variability
spec_flatness_std,0.03252790872250784,0.15206519824003906,Temporal variability
spec_flatness_std,0.03408896163578213,0.16476594506966666,Temporal variability
spec_flatness_std,0.035853168488806736,0.18328498027206924,Temporal variability
spec_flatness_std,0.03780743745662783,0.19693584658925586,Temporal variability
spec_flatness_std,0.041987242617854505,0.2294771021889349,Temporal variability
spec_flatness_std,0.04613231296831784,0.276815774012308,Temporal variability
spec_flatness_std,0.05586859417894058,0.2920961051069118,Temporal variability
spec_flatness_std,0.07033226286525293,0.3155742270372845,Temporal variability
onset_env_dmean,0.015650658096591826,-0.16684986756048056,Temporal variability
onset_env_dmean,0.09569222396866042,-0.16412146978244074,Temporal variability
onset_env_dmean,0.1339279138708406,-0.15795546949000447,Temporal variability
onset_env_dmean,0.1917748970250181,-0.15155171418903504,Temporal variability
onset_env_dmean,0.2217114194152216,-0.15020732918973728,Temporal variability
onset_env_dmean,0.25823078077418854,-0.15494536967627953,Temporal variability
onset_env_dmean,0.2838422135585749,-0.1492929575351944,Temporal variability
onset_env_dmean,0.29937413597156487,-0.13852528190885227,Temporal variability
onset_env_dmean,0.31261140660722264,-0.09850957288228278,Temporal variability
onset_env_dmean,0.3214040347734859,-0.08258126602600957,Temporal variability
onset_env_dmean,0.3269088150108316,-0.06560707263147113,Temporal variability
onset_env_dmean,0.3335318169984963,-0.05450943921925374,Temporal variability
onset_env_dmean,0.3416791699903006,-0.05010389805768204,Temporal variability
onset_env_dmean,0.3505688578088084,-0.04704387866256243,Temporal variability
onset_env_dmean,0.35997069656893016,-0.045071152083445934,Temporal variability
onset_env_dmean,0.3673229058472585,-0.04753516598561246,Temporal variability
onset_env_dmean,0.3776465452325355,-0.04573992816138902,Temporal variability
onset_env_dmean,0.38490252376388495,-0.046495330251817346,Temporal variability
onset_env_dmean,0.39048873739619466,-0.0468541986748639,Temporal variability
onset_env_dmean,0.3996335319122556,-0.0457762599406559,Temporal variability
onset_env_dmean,0.41097646135725485,-0.04032985639097146,Temporal variability
onset_env_dmean,0.42036207072073484,-0.031084765674600466,Temporal variability
onset_env_dmean,0.42894588582741966,-0.026313551710465576,Temporal variability
onset_env_dmean,0.4348459552151811,-0.022019071821975503,Temporal variability
onset_env_dmean,0.4435136124554645,-0.02199103672376766,Temporal variability
onset_env_dmean,0.4513098798867544,-0.01866241186473153,Temporal variability
onset_env_dmean,0.4599163595694644,-0.018522005683795174,Temporal variability
onset_env_dmean,0.46934537676942756,-0.01751127350849608,Temporal variability
onset_env_dmean,0.4793072122744102,-0.017061676811964164,Temporal variability
onset_env_dmean,0.4919308970955659,-0.01788864667166251,Temporal variability
onset_env_dmean,0.4996722729190457,-0.016175662128005804,Temporal variability
onset_env_dmean,0.5149194739949594,-0.013078224371991326,Temporal variability
onset_env_dmean,0.5262082300404008,-0.008354820658253227,Temporal variability
onset_env_dmean,0.542528290635697,-0.005072006282042525,Temporal variability
onset_env_dmean,0.5632499226770231,0.0011090417626622474,Temporal variability
onset_env_dmean,0.5756747487251903,0.008215078426243007,Temporal variability
onset_env_dmean,0.5950184769948939,0.011084254398575667,Temporal variability
onset_env_dmean,0.6048895038025623,0.013885041242624931,Temporal variability
onset_env_dmean,0.620286888727986,0.017631042111047046,Temporal variability
onset_env_dmean,0.6303154430773708,0.017938990511981615,Temporal variability
onset_env_dmean,0.651759795249417,0.02070593763235814,Temporal variability
onset_env_dmean,0.6710152846157242,0.0244345581987905,Temporal variability
onset_env_dmean,0.6988602761748754,0.03413973227039527,Temporal variability
onset_env_dmean,0.7441648637540794,0.049293346276081465,Temporal variability
onset_env_dmean,0.8164051170105191,0.06229807546091635,Temporal variability
onset_env_dmean,0.8691847074366308,0.0685701520626184,Temporal variability
onset_env_dmean,0.9371539656048681,0.07632434546055662,Temporal variability
onset_env_dmean,1.014466291617754,0.08989323024043847,Temporal variability
onset_env_dmean,1.0652763780497962,0.10458264746980592,Temporal variability
onset_env_dmean,1.0927767555117276,0.11466350540524646,Temporal variability
onset_env_dmean,1.1154629827743492,0.12380343773104348,Temporal variability
onset_env_dmean,1.1392374837731993,0.12948575789346128,Temporal variability
onset_env_dmean,1.2297122004929548,0.12872983649222647,Temporal variability
onset_env_dmean,1.3157019307876316,0.12923308770038336,Temporal variability
onset_env_dmean,1.3800953511542566,0.13100405780984997,Temporal variability
onset_env_dmean,1.4537651667527205,0.13251248080541708,Temporal variability
onset_env_dmean,1.5410513201803666,0.12851378758838786,Temporal variability
onset_env_dmean,1.6448698404565802,0.12708431037638526,Temporal variability
onset_env_dmean,1.7771038590190886,0.12747336142207003,Temporal variability
onset_env_dmean,1.9310749099281384,0.12807120232103641,Temporal variability
onset_env_dmean,2.1601384411582263,0.140013729095096,Temporal variability
onset_env_dmean,2.5993749168647504,0.14410873490206152,Temporal variability
zcr_std,0.027564687277169056,0.0622298178613919,Temporal variability
zcr_std,0.049740796509528076,0.05220193753261536,Temporal variability
zcr_std,0.05334237689386846,0.04908601779290442,Temporal variability
zcr_std,0.05619235430722669,0.05946818542701,Temporal variability
zcr_std,0.057844200064573116,0.0687831477972711,Temporal variability
zcr_std,0.0590066859794059,0.070158797948557,Temporal variability
zcr_std,0.06035250028254091,0.06889385507734719,Temporal variability
zcr_std,0.061632756503859465,0.07399276029761533,Temporal variability
zcr_std,0.06272676909291341,0.08674225128479301,Temporal variability
zcr_std,0.06336037284206948,0.08941116771901897,Temporal variability
zcr_std,0.06370646419836148,0.0898720904892708,Temporal variability
zcr_std,0.06447241814063248,0.08739179145252243,Temporal variability
zcr_std,0.06522582198722128,0.08678043414303974,Temporal variability
zcr_std,0.06571608197693275,0.08600933583980905,Temporal variability
zcr_std,0.06615146339939026,0.08446318137910581,Temporal variability
zcr_std,0.06649485362215736,0.08596098730742421,Temporal variability
zcr_std,0.06686827715726079,0.08193016740764009,Temporal variability
zcr_std,0.06721325336515596,0.07889262478901149,Temporal variability
zcr_std,0.06757424773354259,0.07466365509867637,Temporal variability
zcr_std,0.067898521961123,0.07236249200019804,Temporal variability
zcr_std,0.0685361716417133,0.07044666818276718,Temporal variability
zcr_std,0.0691080359322361,0.0649713072231951,Temporal variability
zcr_std,0.06967688660195114,0.062087546565051874,Temporal variability
zcr_std,0.07004230404361067,0.058884200106887524,Temporal variability
zcr_std,0.0704224143265285,0.056612243192375525,Temporal variability
zcr_std,0.0707913713800971,0.05341650239920957,Temporal variability
zcr_std,0.07121411164258987,0.05190796435067328,Temporal variability
zcr_std,0.07161897872372083,0.04822488973236787,Temporal variability
zcr_std,0.07189346875600142,0.04229442837517712,Temporal variability
zcr_std,0.07223305329553209,0.036574958426181914,Temporal variability
zcr_std,0.07252956555220735,0.032146308867560536,Temporal variability
zcr_std,0.07303061057349415,0.027540153024354863,Temporal variability
zcr_std,0.07338980208097652,0.02112915367523047,Temporal variability
zcr_std,0.0737095295261159,0.016837882670789315,Temporal variability
zcr_std,0.07446570554505642,0.011729705063462941,Temporal variability
zcr_std,0.07503219343252654,0.004568149630651056,Temporal variability
zcr_std,0.07542150170406957,-0.0016986005087674654,Temporal variability
zcr_std,0.07642446709888276,-0.008632744930100278,Temporal variability
zcr_std,0.07782267974659633,-0.013582285762307954,Temporal variability
zcr_std,0.07921686847192866,-0.01805068189950651,Temporal variability
zcr_std,0.08065190752374081,-0.02205368499372122,Temporal variability
zcr_std,0.08183190798134053,-0.027890490317074756,Temporal variability
zcr_std,0.08421468379569653,-0.03258693541157958,Temporal variability
zcr_std,0.08588060902497743,-0.03910303828264071,Temporal variability
zcr_std,0.08736340434090166,-0.04394709871735215,Temporal variability
zcr_std,0.08832063156110945,-0.05156126582374268,Temporal variability
zcr_std,0.08906090811768778,-0.06030902233774831,Temporal variability
zcr_std,0.08990386617860274,-0.07254295351370572,Temporal variability
zcr_std,0.09044556524074746,-0.08459347682845801,Temporal variability
zcr_std,0.09152082009568534,-0.09590950095862298,Temporal variability
zcr_std,0.09229687096577799,-0.1070733471173432,Temporal variability
zcr_std,0.09293423160706882,-0.11311686337274127,Temporal variability
zcr_std,0.09369230334457243,-0.11926546310247232,Temporal variability
zcr_std,0.09477582301020186,-0.1283388115947,Temporal variability
zcr_std,0.0963530763115353,-0.13388208758552575,Temporal variability
zcr_std,0.09765498718698304,-0.13913611971395157,Temporal variability
zcr_std,0.09963111792079128,-0.14487627568388864,Temporal variability
zcr_std,0.10187955026509546,-0.14617936977020102,Temporal variability
zcr_std,0.10358018550447687,-0.14557463682645128,Temporal variability
zcr_std,0.10856193806383549,-0.14001965114223194,Temporal variability
zcr_std,0.11270458721672783,-0.11736324886340024,Temporal variability
zcr_std,0.11940210956122453,-0.0724825191813668,Temporal variability
onset_env_std,0.048889267811711,-0.12494800485480717,Temporal variability
onset_env_std,0.15972376543439012,-0.10292562605392402,Temporal variability
onset_env_std,0.2750928204677312,-0.09490861501988396,Temporal variability
onset_env_std,0.42246919184660203,-0.0951297510828611,Temporal variability
onset_env_std,0.5254417810600021,-0.09892330229984468,Temporal variability
onset_env_std,0.589128665490686,-0.10055976558703307,Temporal variability
onset_env_std,0.6256236477262225,-0.09153415280634565,Temporal variability
onset_env_std,0.6762098964420831,-0.08374341789600832,Temporal variability
onset_env_std,0.7183214234198125,-0.07338964564512734,Temporal variability
onset_env_std,0.7373143302304312,-0.0656224600220658,Temporal variability
onset_env_std,0.7632088579706222,-0.0606624998593848,Temporal variability
onset_env_std,0.7916050018532927,-0.06108011906369832,Temporal variability
onset_env_std,0.8116090352426673,-0.06713842941930316,Temporal variability
onset_env_std,0.8358741901852181,-0.0638838809585778,Temporal variability
onset_env_std,0.8572677484982698,-0.06065461677376794,Temporal variability
onset_env_std,0.8759692083061029,-0.05843583200000351,Temporal variability
onset_env_std,0.900113946427807,-0.0549247843554174,Temporal variability
onset_env_std,0.9225709753519113,-0.05327817838252055,Temporal variability
onset_env_std,0.9401648527380739,-0.049373907927294125,Temporal variability
onset_env_std,0.9528429042390449,-0.04220139770408527,Temporal variability
onset_env_std,0.9607353999715373,-0.03842853090541929,Temporal variability
onset_env_std,0.9672773921824576,-0.039123945692112125,Temporal variability
onset_env_std,0.9796455893115625,-0.03739357390423291,Temporal variability
onset_env_std,0.995052314721757,-0.03642320461977354,Temporal variability
onset_env_std,1.0094580875452208,-0.03576645440573203,Temporal variability
onset_env_std,1.0269404309655674,-0.030915875960603918,Temporal variability
onset_env_std,1.0419742445821467,-0.02797472749787822,Temporal variability
onset_env_std,1.058197299796924,-0.02618922133595173,Temporal variability
onset_env_std,1.084177385141762,-0.02488047614137743,Temporal variability
onset_env_std,1.0948645984406633,-0.022345727579895162,Temporal variability
onset_env_std,1.1042904257655095,-0.021533705551699027,Temporal variability
onset_env_std,1.118590417892178,-0.020948624551030914,Temporal variability
onset_env_std,1.1301926443401427,-0.022881658641406743,Temporal variability
onset_env_std,1.1406122718227039,-0.02464473859894159,Temporal variability
onset_env_std,1.1568061081941483,-0.024524433133980082,Temporal variability
onset_env_std,1.1817688702783613,-0.0232515627553792,Temporal variability
onset_env_std,1.1982226694860378,-0.019469242315292744,Temporal variability
onset_env_std,1.233843809147569,-0.014590921477877553,Temporal variability
onset_env_std,1.2621199437848603,-0.010745171005542606,Temporal variability
onset_env_std,1.2832916034298445,-0.007876743754845353,Temporal variability
onset_env_std,1.3007767592895947,-0.003577700481963833,Temporal variability
onset_env_std,1.328355877347771,0.002755025581664508,Temporal variability
onset_env_std,1.356343131468607,0.010249591770244582,Temporal variability
onset_env_std,1.3764088583490308,0.01963120946201768,Temporal variability
onset_env_std,1.4264207966631441,0.0341497661802297,Temporal variability
onset_env_std,1.4704893166751134,0.05339276187284113,Temporal variability
onset_env_std,1.5294474556796591,0.06489212273463807,Temporal variability
onset_env_std,1.5651275401325884,0.07251691065687743,Temporal variability
onset_env_std,1.6436521602359369,0.08186069390017021,Temporal variability
onset_env_std,1.7008093314152106,0.08805733995323181,Temporal variability
onset_env_std,1.759145574805843,0.09605437563913337,Temporal variability
onset_env_std,1.7800065283876205,0.1001030810786806,Temporal variability
onset_env_std,1.879013688946324,0.10538381624722534,Temporal variability
onset_env_std,1.9709229780798014,0.1114152212447502,Temporal variability
onset_env_std,2.058032060741923,0.11256534980685597,Temporal variability
onset_env_std,2.14696150112767,0.11871399238256954,Temporal variability
onset_env_std,2.249789453236773,0.12843638737393584,Temporal variability
onset_env_std,2.4277753675068556,0.13429826779891935,Temporal variability
onset_env_std,2.638067017067957,0.14147375012292868,Temporal variability
onset_env_std,2.7755171996029584,0.14671936906315233,Temporal variability
onset_env_std,2.8511609362250905,0.14977966172440685,Temporal variability
onset_env_std,3.1628273549697044,0.16398787127351105,Temporal variability
f0_p10,50.0,-0.1057322072688654,Spectral level
f0_p10,50.01028681398354,-0.1016019036292719,Spectral level
f0_p10,50.15752064144752,-0.09521340240268573,Spectral level
f0_p10,50.26130070072719,-0.09066068814978799,Spectral level
f0_p10,50.427267868101524,-0.08370840201917182,Spectral level
f0_p10,50.731222128602354,-0.08052173458536654,Spectral level
f0_p10,50.986231976335716,-0.07940759774479643,Spectral level
f0_p10,51.15297633382873,-0.07669536389256237,Spectral level
f0_p10,51.33141729631197,-0.07243218014140089,Spectral level
f0_p10,51.5457250526736,-0.06901734291859155,Spectral level
f0_p10,51.699884434576326,-0.06467535971350089,Spectral level
f0_p10,52.03436528897023,-0.05962002041604087,Spectral level
f0_p10,52.37516253766955,-0.054830467484519696,Spectral level
f0_p10,52.569525696134846,-0.04906601602855634,Spectral level
f0_p10,52.766402820878106,-0.0391342869152714,Spectral level
f0_p10,52.91159054191172,-0.027899931161171586,Spectral level
f0_p10,53.253803995214156,-0.019556268282921715,Spectral level
f0_p10,53.58540811515421,-0.013553213403872659,Spectral level
f0_p10,53.98363380147021,-0.006705645639351247,Spectral level
f0_p10,54.2552129893399,0.002045999858830482,Spectral level
f0_p10,54.56679256822942,0.00907424608715722,Spectral level
f0_p10,54.9464141901466,0.018422922365876268,Spectral level
f0_p10,55.163897797151506,0.022394375458755278,Spectral level
f0_p10,55.531961889266576,0.028282697399874844,Spectral level
f0_p10,55.645801866750645,0.03386315851935054,Spectral level
f0_p10,55.881770352661235,0.03632103516741725,Spectral level
f0_p10,56.30097703835662,0.042710583525676325,Spectral level
f0_p10,56.429684539982446,0.042500957457817665,Spectral level
f0_p10,56.71285207189842,0.0445007509988374,Spectral level
f0_p10,56.965763762125924,0.04475768563754187,Spectral level
f0_p10,57.30147427806793,0.042781192755368076,Spectral level
f0_p10,57.68005669652512,0.04243427522758798,Spectral level
f0_p10,57.952474479904296,0.04530345006390946,Spectral level
f0_p10,58.32815995978946,0.04297993902554655,Spectral level
f0_p10,58.56394077736866,0.04330633524172526,Spectral level
f0_p10,58.82698657175043,0.044116286035470874,Spectral level
f0_p10,59.34388706197848,0.0430129821938753,Spectral level
f0_p10,59.93433440015855,0.03996981551035578,Spectral level
f0_p10,60.753856730929805,0.03938857544121632,Spectral level
f0_p10,62.22937297974901,0.03678585378646658,Spectral level
f0_p10,63.512094719872785,0.03688619545991769,Spectral level
f0_p10,64.68429322814075,0.03773544532522966,Spectral level
f0_p10,66.05354173297462,0.0395081474429258,Spectral level
f0_p10,66.30222159735318,0.04045650052007892,Spectral level
f0_p10,67.15666670727416,0.0420951448694474,Spectral level
f0_p10,68.34193964198911,0.04414162088724502,Spectral level
f0_p10,70.57552658081163,0.047090478194229006,Spectral level
f0_p10,73.04868977071001,0.05462442339571716,Spectral level
f0_p10,76.64999324732864,0.06294513941747547,Spectral level
f0_p10,81.22513927460525,0.07218904975274124,Spectral level
f0_p10,83.72581612371766,0.07753573130326995,Spectral level
f0_p10,89.1604081549169,0.07908236753242616,Spectral level
f0_p10,96.24638681936264,0.083482681499732,Spectral level
f0_p10,105.48671144715203,0.0886965419939859,Spectral level
f0_p10,118.21429172399982,0.09107141881002681,Spectral level
f0_p10,141.67954618485854,0.09342677802389991,Spectral level
f0_p10,192.5345008277996,0.09570642671220389,Spectral level
f0_p10,197.72141147725364,0.09871081951286181,Spectral level
f0_p10,233.9728827168159,0.10181983960245498,Spectral level
f0_p10,302.9725641614613,0.10166675178661326,Spectral level
f0_p10,409.5988766667218,0.09962926752517356,Spectral level
f0_p10,670.0541134710259,0.08646154924533016,Spectral level
mfcc4_std,5.228379576396042,0.048087702416461396,Temporal variability
mfcc4_std,10.837688443349887,0.09770131145682237,Temporal variability
mfcc4_std,12.443173147518635,0.13623660582801086,Temporal variability
mfcc4_std,13.392448626122818,0.17555114799238158,Temporal variability
mfcc4_std,14.160088370178658,0.175965904823227,Temporal variability
mfcc4_std,14.918364238379635,0.16991514486901185,Temporal variability
mfcc4_std,15.331097909505745,0.15832906321185167,Temporal variability
mfcc4_std,15.907691248876201,0.12125250330783588,Temporal variability
mfcc4_std,16.340335935088895,0.10427916904758876,Temporal variability
mfcc4_std,16.63787575431422,0.08862717162495146,Temporal variability
mfcc4_std,17.250716785112218,0.07429340186970246,Temporal variability
mfcc4_std,17.730681595609333,0.06844587473737808,Temporal variability
mfcc4_std,18.257606405097327,0.0637708085932225,Temporal variability
mfcc4_std,18.589500480677593,0.060817210332484446,Temporal variability
mfcc4_std,18.813748551005517,0.05703600020213411,Temporal variability
mfcc4_std,19.226709965383222,0.05089246261727548,Temporal variability
mfcc4_std,19.5568960873829,0.04291992968592354,Temporal variability
mfcc4_std,19.828656906581877,0.03590978932720188,Temporal variability
mfcc4_std,20.222098085775578,0.02431072545073841,Temporal variability
mfcc4_std,20.465214515671747,0.01725902454520473,Temporal variability
mfcc4_std,20.772704214081394,0.012094393818962632,Temporal variability
mfcc4_std,21.019672619889214,0.009793672131833416,Temporal variability
mfcc4_std,21.28672254693852,0.009640331987865826,Temporal variability
mfcc4_std,21.611890367344824,0.010541890257622444,Temporal variability
mfcc4_std,21.86340325176343,0.009249982933775063,Temporal variability
mfcc4_std,22.051643027097562,0.004643884439022499,Temporal variability
mfcc4_std,22.397877159243098,-0.00042625033909169887,Temporal variability
mfcc4_std,22.692396094831714,-0.0054828424905627605,Temporal variability
mfcc4_std,23.01425223105003,-0.00912326640561355,Temporal variability
mfcc4_std,23.524164284964577,-0.013205108000770124,Temporal variability
mfcc4_std,24.250374113331517,-0.018793575409477313,Temporal variability
mfcc4_std,24.872814953136714,-0.0223749237830075,Temporal variability
mfcc4_std,25.250749832669236,-0.025996023220972334,Temporal variability
mfcc4_std,25.872630148928195,-0.029714018639819435,Temporal variability
mfcc4_std,26.36576315787461,-0.03329395563914935,Temporal variability
mfcc4_std,26.995364244110586,-0.035684943746660695,Temporal variability
mfcc4_std,27.483180848598188,-0.04108925541911719,Temporal variability
mfcc4_std,28.018398984249366,-0.04329925259738972,Temporal variability
mfcc4_std,28.917446600785578,-0.04845168446881982,Temporal variability
mfcc4_std,29.80022739843156,-0.04932996632384011,Temporal variability
mfcc4_std,31.019121401847165,-0.05012875135090832,Temporal variability
mfcc4_std,32.02101121554553,-0.04858758126691722,Temporal variability
mfcc4_std,33.455395973568024,-0.047998013885966764,Temporal variability
mfcc4_std,35.01102915291318,-0.04384221225373931,Temporal variability
mfcc4_std,35.59593973547565,-0.04224080975158844,Temporal variability
mfcc4_std,36.33806022024943,-0.045465646935535786,Temporal variability
mfcc4_std,37.41528566374781,-0.04904446420420563,Temporal variability
mfcc4_std,38.51989535726281,-0.053545444573183956,Temporal variability
mfcc4_std,39.54513789770827,-0.059178700035675505,Temporal variability
mfcc4_std,40.69172833488953,-0.06520375562684916,Temporal variability
mfcc4_std,41.98450977535248,-0.07066247747164967,Temporal variability
mfcc4_std,43.404540108357395,-0.07612861422902428,Temporal variability
mfcc4_std,44.44167331469512,-0.08291876351286798,Temporal variability
mfcc4_std,45.41686132784,-0.08170079318840957,Temporal variability
mfcc4_std,46.17621499944778,-0.08490075973217309,Temporal variability
mfcc4_std,46.66530448546709,-0.09160018709048594,Temporal variability
mfcc4_std,47.15137289456244,-0.09746294389866825,Temporal variability
mfcc4_std,48.24583253716619,-0.1045523193014613,Temporal variability
mfcc4_std,50.5955414355926,-0.10506044968574965,Temporal variability
mfcc4_std,53.131252766188524,-0.10609020516794576,Temporal variability
mfcc4_std,55.284872665172365,-0.09400935697554674,Temporal variability
mfcc4_std,59.38218384247956,-0.032824221806938954,Temporal variability
