feature,feature_class,d_music_domain,d_ambient_domain,same_direction,min_abs_d,family
mfcc1_mean,Spectral level,-1.6737047104025062,0.1194666833356607,False,0.1194666833356607,MFCC
mfcc1_std,Temporal variability,-0.1574511458656695,-0.7257921066370058,True,0.1574511458656695,MFCC
spec_contrast1_p10,Spectral level,1.3403214467701994,-0.103568348663119,False,0.103568348663119,谱对比度
spec_contrast2_p10,Spectral level,1.224009838449635,-0.3131431416378679,False,0.3131431416378679,谱对比度
spec_contrast3_dmean,Temporal variability,-0.4968204729294874,-0.682299480663307,True,0.4968204729294874,谱对比度
spec_contrast2_mean,Spectral level,1.162310296027966,-0.4480454588128164,False,0.4480454588128164,谱对比度
spec_contrast5_p10,Spectral level,0.5281397790560194,-0.5267699313701326,False,0.5267699313701326,谱对比度
spec_contrast5_p50,Spectral level,0.6296256933753445,-0.5915939681600607,False,0.5915939681600607,谱对比度
spec_contrast6_p10,Spectral level,-0.0527070515658242,-0.2128775998272636,True,0.0527070515658242,谱对比度
spec_contrast6_p50,Spectral level,0.0642858072214837,-0.3549332104050369,False,0.0642858072214837,谱对比度
spec_flatness_p50,Spectral level,-1.0956780226390896,-0.1857534771295768,True,0.1857534771295768,谱平坦度
spec_flatness_std,Temporal variability,-0.8923497358001271,-0.4051107394198638,True,0.4051107394198638,谱平坦度
onset_env_mean,Spectral level,-1.3353890427411923,-0.3016485077662797,True,0.3016485077662797,起音/突发
onset_rate,Temporal variability,-0.9860615210677852,-0.4692347861709844,True,0.4692347861709844,起音/突发
onset_env_dmean,Temporal variability,-0.7012793211552764,-0.7265063187074549,True,0.7012793211552764,起音/突发
onset_env_p10,Spectral level,-0.7185865229388916,0.4426028125982513,False,0.4426028125982513,起音/突发
