channel,mod,n,n_subjects,detect,detect_sd,false_pos,analytic
Heart rate,hr,10,75,0.09666666666666665,0.0827982823224948,0.048,0.10465678135645681
Heart rate,hr,15,75,0.1446666666666667,0.1258499988963934,0.05,0.13886269443662305
Heart rate,hr,20,75,0.18333333333333332,0.1790871916755138,0.04566666666666667,0.17173514772192222
Heart rate,hr,30,75,0.2336666666666667,0.22235457169924697,0.05666666666666668,0.23140425312791868
Heart rate,hr,50,75,0.321,0.3065409162466461,0.04000000000000001,0.3254020919429518
Heart rate,hr,75,75,0.39266666666666666,0.35008982974215186,0.046,0.40794947143851956
Heart rate,hr,100,75,0.4576666666666666,0.38017481359091754,0.05733333333333334,0.467471589140447
Heart rate,hr,150,75,0.5493333333333333,0.41121716349826104,0.04700000000000001,0.5494265353392446
Heart rate,hr,200,75,0.5913333333333333,0.44342405086879183,0.032,0.603867621901403
Pupil diameter,pupil,10,73,0.17397260273972603,0.14283326543611455,0.04794520547945206,0.15749665217212083
Pupil diameter,pupil,15,73,0.2267123287671233,0.18488837650271506,0.03527397260273973,0.21989637741186643
Pupil diameter,pupil,20,73,0.2962328767123288,0.22550063150584024,0.052054794520547946,0.27534203335759233
Pupil diameter,pupil,30,73,0.3910958904109589,0.26247536945807387,0.04897260273972603,0.3671265756958745
Pupil diameter,pupil,50,73,0.5017123287671232,0.3106645761735596,0.051369863013698634,0.4984100705850476
Pupil diameter,pupil,75,73,0.6126712328767122,0.33932152509328184,0.05136986301369863,0.6059484903281769
Pupil diameter,pupil,100,73,0.6921232876712328,0.3454914286431771,0.0363013698630137,0.6777470379782613
Pupil diameter,pupil,150,72,0.7850694444444445,0.34393706329909035,0.034722222222222224,0.762291064415251
Pupil diameter,pupil,200,68,0.8492647058823529,0.3245463629367948,0.02941176470588236,0.8252010610219469
Scalp EEG (N1),eeg,10,75,0.26799999999999996,0.1912049511213905,0.04633333333333334,0.23348940628169884
Scalp EEG (N1),eeg,15,75,0.3596666666666667,0.24375169515080072,0.051333333333333335,0.3284337446371642
Scalp EEG (N1),eeg,20,75,0.4236666666666667,0.27236291149045155,0.046,0.4056481207935647
Scalp EEG (N1),eeg,30,75,0.5309999999999999,0.2980726980676582,0.044333333333333336,0.5215568383240389
Scalp EEG (N1),eeg,50,75,0.6743333333333333,0.3017994183044243,0.051333333333333335,0.664232343743683
Scalp EEG (N1),eeg,75,75,0.7673333333333334,0.29838379461507103,0.046,0.7616233808342259
Scalp EEG (N1),eeg,100,75,0.831,0.2663594063166032,0.051000000000000004,0.8184991483863839
Scalp EEG (N1),eeg,150,75,0.9086666666666667,0.2133656225564205,0.07100000000000001,0.8818940448287003
Scalp EEG (N1),eeg,200,75,0.9520000000000001,0.17789322640280603,0.04166666666666667,0.9160586023676891
