subject,channel,mod,n,mean,d,abs_d,p,q,passes
sub-AB10,Scalp EEG (N1),eeg,240,-3.4991173752327445,-0.17323830841110766,0.17323830841110766,0.008598280343931213,0.009212443225640585,True
sub-AB10,Heart rate,hr,240,-0.1846472341563984,-0.012312731071617542,0.012312731071617542,0.8474305138972206,0.8588822775985344,False
sub-AB10,Pupil diameter,pupil,227,0.10448270334958883,0.18783864606705877,0.18783864606705877,0.005598880223955209,0.007431241024522369,True
sub-AB11,Scalp EEG (N1),eeg,240,-5.625300282190312,-0.4345594041438092,0.4345594041438092,0.0001999600079984003,0.0002631052736821057,True
sub-AB11,Heart rate,hr,240,-0.4175834515822738,-0.12111384252561118,0.12111384252561118,0.0611877624475105,0.09365473844006708,False
sub-AB11,Pupil diameter,pupil,224,0.13187643038563465,0.3006655075466731,0.3006655075466731,0.0001999600079984003,0.0003560263557044689,True
sub-AB12,Scalp EEG (N1),eeg,240,-4.495186121969479,-0.3597086605393698,0.3597086605393698,0.0001999600079984003,0.0002631052736821057,True
sub-AB12,Heart rate,hr,240,-2.448934022277324,-0.5226026124881256,0.5226026124881256,0.0001999600079984003,0.000681681845449092,True
sub-AB12,Pupil diameter,pupil,177,0.1762748451577564,0.3336335457473677,0.3336335457473677,0.0001999600079984003,0.0003560263557044689,True
sub-AB13,Scalp EEG (N1),eeg,240,-3.2751163898263647,-0.2187406382791427,0.2187406382791427,0.0007998400319936012,0.0009998000399920016,True
sub-AB13,Heart rate,hr,240,-0.31951354156697953,-0.05187480462773047,0.05187480462773047,0.4231153769246151,0.4844485648324881,False
sub-AB13,Pupil diameter,pupil,237,0.028326843242199015,0.06911019521225824,0.06911019521225824,0.28474305138972206,0.30568004046249575,False
sub-AB14,Scalp EEG (N1),eeg,235,-5.1130830620447245,-0.3014499672725808,0.3014499672725808,0.0001999600079984003,0.0002631052736821057,True
sub-AB14,Heart rate,hr,240,-1.391891725807426,-0.24645303035687421,0.24645303035687421,0.0003999200159968006,0.0011997600479904018,True
sub-AB14,Pupil diameter,pupil,161,0.06692987104084612,0.16469607445091855,0.16469607445091855,0.04099180163967207,0.04826454064025905,True
sub-AB15,Scalp EEG (N1),eeg,240,-2.878612500658836,-0.1699239896656641,0.1699239896656641,0.008198360327934412,0.008911261226015665,True
sub-AB15,Heart rate,hr,240,-2.0628421529609797,-0.3063202221922715,0.3063202221922715,0.0001999600079984003,0.000681681845449092,True
sub-AB15,Pupil diameter,pupil,232,0.07914978027077683,0.22784497143043977,0.22784497143043977,0.0001999600079984003,0.0003560263557044689,True
sub-AB16,Scalp EEG (N1),eeg,240,-3.9580066027053977,-0.23825200333169907,0.23825200333169907,0.0001999600079984003,0.0002631052736821057,True
sub-AB16,Heart rate,hr,240,-0.8839954887905052,-0.19990580801573515,0.19990580801573515,0.003999200159968006,0.008331666999933348,True
sub-AB16,Pupil diameter,pupil,240,0.13476293308057577,0.2787032204604522,0.2787032204604522,0.0001999600079984003,0.0003560263557044689,True
sub-AB17,Scalp EEG (N1),eeg,240,-9.919672082208136,-0.7815575350632084,0.7815575350632084,0.0001999600079984003,0.0002631052736821057,True
sub-AB17,Heart rate,hr,240,-0.9265997301934817,-0.19963287379242564,0.19963287379242564,0.0027994401119776045,0.00599880023995201,True
sub-AB17,Pupil diameter,pupil,218,0.15542225403006335,0.4596089960761367,0.4596089960761367,0.0001999600079984003,0.0003560263557044689,True
sub-AB19,Scalp EEG (N1),eeg,240,-1.8879015448275498,-0.1690920415697961,0.1690920415697961,0.009998000399920015,0.010561268028084523,True
sub-AB19,Heart rate,hr,240,-0.6433213767315371,-0.08645824168243979,0.08645824168243979,0.17956408718256348,0.2362685357665309,False
sub-AB19,Pupil diameter,pupil,238,0.026075333858131187,0.058835228150186804,0.058835228150186804,0.3599280143971206,0.37535350072842577,False
sub-AB20,Scalp EEG (N1),eeg,240,-9.01195713387585,-0.8433114484578484,0.8433114484578484,0.0001999600079984003,0.0002631052736821057,True
sub-AB20,Heart rate,hr,240,-0.8993777228855706,-0.32645103934381786,0.32645103934381786,0.0001999600079984003,0.000681681845449092,True
sub-AB20,Pupil diameter,pupil,220,0.11089236828019111,0.3859506610045577,0.3859506610045577,0.0001999600079984003,0.0003560263557044689,True
sub-AB21,Scalp EEG (N1),eeg,240,-9.335340757486536,-0.7125337355327105,0.7125337355327105,0.0001999600079984003,0.0002631052736821057,True
sub-AB21,Heart rate,hr,240,-0.30348089322605304,-0.09422068445270322,0.09422068445270322,0.15196960607878424,0.20353072242694317,False
sub-AB21,Pupil diameter,pupil,237,0.09404591292866729,0.2724286954346709,0.2724286954346709,0.0001999600079984003,0.0003560263557044689,True
sub-AB22,Scalp EEG (N1),eeg,240,-9.36554418094579,-0.6318310935941113,0.6318310935941113,0.0001999600079984003,0.0002631052736821057,True
sub-AB22,Heart rate,hr,240,-0.5132969266359646,-0.1998546946415268,0.1998546946415268,0.002599480103979204,0.005734147288189421,True
sub-AB22,Pupil diameter,pupil,200,0.06531752955670869,0.22952118767414567,0.22952118767414567,0.0011997600479904018,0.0017516496700659865,True
sub-AB23,Scalp EEG (N1),eeg,240,-8.281297125761931,-0.4375858005646249,0.4375858005646249,0.0001999600079984003,0.0002631052736821057,True
sub-AB23,Heart rate,hr,240,-0.29569125585103123,-0.14858329463609388,0.14858329463609388,0.020995800839832032,0.03749250149970006,True
sub-AB23,Pupil diameter,pupil,231,0.15293584802883703,0.5017498758483354,0.5017498758483354,0.0001999600079984003,0.0003560263557044689,True
sub-AB25,Scalp EEG (N1),eeg,240,-4.543092903120831,-0.31690206271103655,0.31690206271103655,0.0001999600079984003,0.0002631052736821057,True
sub-AB25,Heart rate,hr,240,-0.6858798386799344,-0.14567324414000388,0.14567324414000388,0.023595280943811237,0.041154559785717276,True
sub-AB25,Pupil diameter,pupil,200,0.023048044714448372,0.0486426307353136,0.0486426307353136,0.49150169966006796,0.49832811215534667,False
sub-AB26,Scalp EEG (N1),eeg,240,-8.154834237637841,-0.4844831937050098,0.4844831937050098,0.0001999600079984003,0.0002631052736821057,True
sub-AB26,Heart rate,hr,240,-1.1271717296794985,-0.18628529053660972,0.18628529053660972,0.002599480103979204,0.005734147288189421,True
sub-AB26,Pupil diameter,pupil,238,0.11545406728829007,0.2313403910821135,0.2313403910821135,0.0003999200159968006,0.0006789339806457312,True
sub-AB28,Scalp EEG (N1),eeg,240,-2.7832322356226267,-0.16797578051738152,0.16797578051738152,0.007198560287942412,0.007939588552877661,True
sub-AB28,Heart rate,hr,240,-0.5896094394130936,-0.2932112871166066,0.2932112871166066,0.0001999600079984003,0.000681681845449092,True
sub-AB28,Pupil diameter,pupil,238,0.16581638124520687,0.38570544827427217,0.38570544827427217,0.0001999600079984003,0.0003560263557044689,True
sub-AB31,Scalp EEG (N1),eeg,240,-5.70669440059533,-0.34753741320338194,0.34753741320338194,0.0001999600079984003,0.0002631052736821057,True
sub-AB31,Heart rate,hr,240,-1.1674044031665871,-0.1764412174660068,0.1764412174660068,0.006798640271945611,0.013074308215280021,True
sub-AB31,Pupil diameter,pupil,240,0.10347599787450838,0.23921398829247215,0.23921398829247215,0.0007998400319936012,0.001242304730543253,True
sub-AB32,Scalp EEG (N1),eeg,239,-2.12681452292354,-0.19284559671454612,0.19284559671454612,0.0027994401119776045,0.003230123206128005,True
sub-AB32,Heart rate,hr,240,0.11095580564882201,0.021771807057118342,0.021771807057118342,0.7306538692261547,0.7718174674924169,False
sub-AB32,Pupil diameter,pupil,237,0.0814071741935143,0.2512452610258889,0.2512452610258889,0.0005998800239952009,0.0009519835163402101,True
sub-AB33,Scalp EEG (N1),eeg,240,-3.7560171319433833,-0.28599219309977064,0.28599219309977064,0.0001999600079984003,0.0002631052736821057,True
sub-AB33,Heart rate,hr,240,-0.6559578059880435,-0.09372635904287675,0.09372635904287675,0.13777244551089782,0.19385011886511586,False
sub-AB33,Pupil diameter,pupil,238,0.11231636091888567,0.3803165392204568,0.3803165392204568,0.0001999600079984003,0.0003560263557044689,True
sub-AB34,Scalp EEG (N1),eeg,240,-2.1954963723128107,-0.18306694976178373,0.18306694976178373,0.004199160167966407,0.004771772918143644,True
sub-AB34,Heart rate,hr,240,-0.7441573599927188,-0.1396982117416591,0.1396982117416591,0.03099380123975205,0.04945819346768944,True
sub-AB34,Pupil diameter,pupil,240,0.12742270796427874,0.35823188766804376,0.35823188766804376,0.0001999600079984003,0.0003560263557044689,True
sub-AB35,Scalp EEG (N1),eeg,240,-3.5749794557116346,-0.44245563221660567,0.44245563221660567,0.0001999600079984003,0.0002631052736821057,True
sub-AB35,Heart rate,hr,240,0.8053342012823052,0.05299350045483132,0.05299350045483132,0.4263147370525895,0.4844485648324881,False
sub-AB35,Pupil diameter,pupil,239,0.08490910330261464,0.3576327327869427,0.3576327327869427,0.0001999600079984003,0.0003560263557044689,True
sub-AB36,Scalp EEG (N1),eeg,240,-8.51102750484446,-0.43975283578309615,0.43975283578309615,0.0001999600079984003,0.0002631052736821057,True
sub-AB36,Heart rate,hr,240,0.11705006733536448,0.01851136059584819,0.01851136059584819,0.7782443511297741,0.8106711990935147,False
sub-AB36,Pupil diameter,pupil,238,0.09302977925012645,0.18187943692930542,0.18187943692930542,0.005598880223955209,0.007431241024522369,True
sub-AB37,Scalp EEG (N1),eeg,240,-2.287547820538442,-0.22593874874070446,0.22593874874070446,0.0003999200159968006,0.0005083729016908483,True
sub-AB37,Heart rate,hr,240,-0.35134013422342875,-0.06887124879000327,0.06887124879000327,0.2855428914217157,0.3569286142771446,False
sub-AB37,Pupil diameter,pupil,239,0.11296917093704034,0.3942820882626654,0.3942820882626654,0.0001999600079984003,0.0003560263557044689,True
sub-AB38,Scalp EEG (N1),eeg,240,-4.272635725704208,-0.3764355025297066,0.3764355025297066,0.0001999600079984003,0.0002631052736821057,True
sub-AB38,Heart rate,hr,240,-0.049547857637520114,-0.03133189632400354,0.03133189632400354,0.6300739852029594,0.705306699854059,False
sub-AB4,Scalp EEG (N1),eeg,240,-6.968971675217502,-0.4089458789592575,0.4089458789592575,0.0001999600079984003,0.0002631052736821057,True
sub-AB4,Heart rate,hr,240,-1.9730365404068109,-0.3933025023897099,0.3933025023897099,0.0001999600079984003,0.000681681845449092,True
sub-AB4,Pupil diameter,pupil,237,0.15355913962649567,0.21144615110817833,0.21144615110817833,0.001999600079984003,0.0027541661479024947,True
sub-AB41,Scalp EEG (N1),eeg,240,-7.291287392562229,-0.45963160607422765,0.45963160607422765,0.0001999600079984003,0.0002631052736821057,True
sub-AB41,Heart rate,hr,240,-0.5080723146333976,-0.22632615946930523,0.22632615946930523,0.0005998800239952009,0.001666333399986669,True
sub-AB41,Pupil diameter,pupil,236,0.07640407533392406,0.254907882236157,0.254907882236157,0.0001999600079984003,0.0003560263557044689,True
sub-AB42,Scalp EEG (N1),eeg,240,-6.083747726095821,-0.5253218503816273,0.5253218503816273,0.0001999600079984003,0.0002631052736821057,True
sub-AB42,Heart rate,hr,240,-0.49871465754663297,-0.0817549292616462,0.0817549292616462,0.20695860827834434,0.26308297662501395,False
sub-AB42,Pupil diameter,pupil,236,0.07867312175134865,0.2214302058855518,0.2214302058855518,0.0011997600479904018,0.0017516496700659865,True
sub-AB43,Scalp EEG (N1),eeg,240,-3.3374996567072874,-0.12103068165475053,0.12103068165475053,0.0591881623675265,0.06080975585704778,False
sub-AB43,Heart rate,hr,240,-1.4130018283735992,-0.28963662036531085,0.28963662036531085,0.0001999600079984003,0.000681681845449092,True
sub-AB43,Pupil diameter,pupil,234,0.1996157891385149,0.7067510941473902,0.7067510941473902,0.0001999600079984003,0.0003560263557044689,True
sub-AB44,Scalp EEG (N1),eeg,240,-8.05920771480766,-0.6396227277347447,0.6396227277347447,0.0001999600079984003,0.0002631052736821057,True
sub-AB44,Heart rate,hr,240,-1.916811517480817,-0.23802897055165045,0.23802897055165045,0.0005998800239952009,0.001666333399986669,True
sub-AB44,Pupil diameter,pupil,238,0.03521566745952005,0.07822562647621975,0.07822562647621975,0.23175364927014597,0.25633358176849474,False
sub-AB45,Scalp EEG (N1),eeg,240,-6.193755869375717,-0.5585713709659078,0.5585713709659078,0.0001999600079984003,0.0002631052736821057,True
sub-AB45,Heart rate,hr,240,-0.6174438507756179,-0.09704553144691438,0.09704553144691438,0.13957208558288342,0.19385011886511586,False
sub-AB45,Pupil diameter,pupil,239,0.1333113003965396,0.32060219725030975,0.32060219725030975,0.0001999600079984003,0.0003560263557044689,True
sub-AB46,Scalp EEG (N1),eeg,240,-3.9783441820324392,-0.24618301003178192,0.24618301003178192,0.0003999200159968006,0.0005083729016908483,True
sub-AB46,Heart rate,hr,240,-2.7323448577044456,-0.46066078930927407,0.46066078930927407,0.0001999600079984003,0.000681681845449092,True
sub-AB46,Pupil diameter,pupil,236,0.1302919067596595,0.17045973466181866,0.17045973466181866,0.007598480303939212,0.009905161824777901,True
sub-AB47,Scalp EEG (N1),eeg,240,-6.390281817257852,-0.2147529786316345,0.2147529786316345,0.0013997200559888023,0.0017209672819534455,True
sub-AB47,Heart rate,hr,240,-0.06466999668162912,-0.029428331234031282,0.029428331234031282,0.6530693861227754,0.7174993572714028,False
sub-AB47,Pupil diameter,pupil,240,0.20842833230240712,0.7033045798906216,0.7033045798906216,0.0001999600079984003,0.0003560263557044689,True
sub-AB48,Scalp EEG (N1),eeg,240,-2.892932592184027,-0.21457580996162887,0.21457580996162887,0.0015996800639872025,0.0019350968515974224,True
sub-AB48,Heart rate,hr,240,-0.4533083126250364,-0.21122454150735587,0.21122454150735587,0.001999600079984003,0.004837742128993556,True
sub-AB48,Pupil diameter,pupil,237,0.05220163062722673,0.1383636683295521,0.1383636683295521,0.03139372125574885,0.03756953527327322,True
sub-AB49,Scalp EEG (N1),eeg,236,-0.043421437969135925,-0.0019809761868494332,0.0019809761868494332,0.9734053189362127,0.9734053189362127,False
sub-AB49,Heart rate,hr,240,-0.7699152211290664,-0.37009406541515555,0.37009406541515555,0.0001999600079984003,0.000681681845449092,True
sub-AB49,Pupil diameter,pupil,236,0.10109981399106932,0.36053934474073257,0.36053934474073257,0.0001999600079984003,0.0003560263557044689,True
sub-AB50,Scalp EEG (N1),eeg,240,-5.59409093225426,-0.5069458148188253,0.5069458148188253,0.0001999600079984003,0.0002631052736821057,True
sub-AB50,Heart rate,hr,240,-0.16525250379211165,-0.028461976974771576,0.028461976974771576,0.6644671065786842,0.7174993572714028,False
sub-AB50,Pupil diameter,pupil,239,0.15140579434512066,0.3022019498334496,0.3022019498334496,0.0001999600079984003,0.0003560263557044689,True
sub-AB51,Scalp EEG (N1),eeg,240,-4.0989541779557666,-0.4138972014752224,0.4138972014752224,0.0001999600079984003,0.0002631052736821057,True
sub-AB51,Heart rate,hr,240,0.09181832452977773,0.36232734793212457,0.36232734793212457,0.0001999600079984003,0.000681681845449092,True
sub-AB51,Pupil diameter,pupil,232,0.17559788237154916,0.4532053158456689,0.4532053158456689,0.0001999600079984003,0.0003560263557044689,True
sub-AB52,Scalp EEG (N1),eeg,240,-6.080974361426713,-0.6848433617142078,0.6848433617142078,0.0001999600079984003,0.0002631052736821057,True
sub-AB52,Heart rate,hr,240,-0.37531254440444856,-0.16159330898651705,0.16159330898651705,0.015796840631873626,0.02961907618476305,True
sub-AB52,Pupil diameter,pupil,234,0.14938698786781432,0.5388501828326997,0.5388501828326997,0.0001999600079984003,0.0003560263557044689,True
sub-AB53,Scalp EEG (N1),eeg,240,-4.00143491652598,-0.30249621368896407,0.30249621368896407,0.0001999600079984003,0.0002631052736821057,True
sub-AB53,Heart rate,hr,240,-2.069055343640828,-0.28226307004426515,0.28226307004426515,0.0001999600079984003,0.000681681845449092,True
sub-AB53,Pupil diameter,pupil,236,0.08600664348645197,0.11600739804911342,0.11600739804911342,0.07398520295940812,0.08438937212557489,False
sub-AB54,Scalp EEG (N1),eeg,240,-4.859555916508247,-0.4041815350687721,0.4041815350687721,0.0001999600079984003,0.0002631052736821057,True
sub-AB54,Heart rate,hr,240,0.08121457651696537,0.013025862545100006,0.013025862545100006,0.8432313537292542,0.8588822775985344,False
sub-AB54,Pupil diameter,pupil,238,0.13491396623497207,0.26161060641344364,0.26161060641344364,0.0003999200159968006,0.0006789339806457312,True
sub-AB55,Scalp EEG (N1),eeg,240,-3.7619110847867763,-0.24240708521676513,0.24240708521676513,0.0001999600079984003,0.0002631052736821057,True
sub-AB55,Heart rate,hr,240,-1.3442401891511877,-0.38581229524858424,0.38581229524858424,0.0001999600079984003,0.000681681845449092,True
sub-AB55,Pupil diameter,pupil,235,0.13093955743924,0.2586580525371377,0.2586580525371377,0.0001999600079984003,0.0003560263557044689,True
sub-AB56,Scalp EEG (N1),eeg,240,-3.3739820629583206,-0.15134755998389418,0.15134755998389418,0.01879624075184963,0.019579417449843366,True
sub-AB56,Heart rate,hr,240,-0.9606319800913835,-0.15469428190779866,0.15469428190779866,0.01879624075184963,0.034383367228993225,True
sub-AB56,Pupil diameter,pupil,240,0.1820853912028684,0.26462667363628684,0.26462667363628684,0.0001999600079984003,0.0003560263557044689,True
sub-AB57,Scalp EEG (N1),eeg,240,-2.4451895835852193,-0.2324674048619091,0.2324674048619091,0.0001999600079984003,0.0002631052736821057,True
sub-AB57,Heart rate,hr,240,0.0016436824394689372,0.00044550766975393996,0.00044550766975393996,0.9968006398720256,0.9968006398720256,False
sub-AB57,Pupil diameter,pupil,239,0.15539182882631536,0.6589369396453834,0.6589369396453834,0.0001999600079984003,0.0003560263557044689,True
sub-AB58,Scalp EEG (N1),eeg,240,-7.505189286588705,-0.6270896479363721,0.6270896479363721,0.0001999600079984003,0.0002631052736821057,True
sub-AB58,Heart rate,hr,240,-0.3702072285459311,-0.23326152599710553,0.23326152599710553,0.0007998400319936012,0.0021424286571257176,True
sub-AB58,Pupil diameter,pupil,233,0.10547298932396085,0.36804616386556405,0.36804616386556405,0.0001999600079984003,0.0003560263557044689,True
sub-AB59,Scalp EEG (N1),eeg,240,-4.985229549478754,-0.4970731457513532,0.4970731457513532,0.0001999600079984003,0.0002631052736821057,True
sub-AB59,Heart rate,hr,240,0.3388760914719516,0.05533313708658267,0.05533313708658267,0.3899220155968806,0.45693986202759446,False
sub-AB59,Pupil diameter,pupil,206,0.03253083821159342,0.07083224680485982,0.07083224680485982,0.3151369726054789,0.33340578261159365,False
sub-AB6,Scalp EEG (N1),eeg,240,-6.440927675775486,-0.4595363841083897,0.4595363841083897,0.0001999600079984003,0.0002631052736821057,True
sub-AB6,Heart rate,hr,240,-3.2650485527179245,-0.48489268847120676,0.48489268847120676,0.0001999600079984003,0.000681681845449092,True
sub-AB60,Scalp EEG (N1),eeg,240,-6.198479548984284,-0.41457372699600387,0.41457372699600387,0.0001999600079984003,0.0002631052736821057,True
sub-AB60,Heart rate,hr,240,-0.1771253457910557,-0.05916439351640008,0.05916439351640008,0.3815236952609478,0.45419487531065217,False
sub-AB60,Pupil diameter,pupil,159,0.06732951280275554,0.12680242696357102,0.12680242696357102,0.11857628474305139,0.13317028901911926,False
sub-AB61,Scalp EEG (N1),eeg,240,-3.6716240306491903,-0.47825292069234077,0.47825292069234077,0.0001999600079984003,0.0002631052736821057,True
sub-AB61,Heart rate,hr,240,-0.9062556815101264,-0.27973857266314556,0.27973857266314556,0.0001999600079984003,0.000681681845449092,True
sub-AB61,Pupil diameter,pupil,238,0.06297185640218811,0.3490950428396225,0.3490950428396225,0.0001999600079984003,0.0003560263557044689,True
sub-AB62,Scalp EEG (N1),eeg,239,-4.579483620119844,-0.3369196811310021,0.3369196811310021,0.0001999600079984003,0.0002631052736821057,True
sub-AB62,Heart rate,hr,240,0.06798391966188282,0.02803754575995464,0.02803754575995464,0.6696660667866426,0.7174993572714028,False
sub-AB62,Pupil diameter,pupil,238,0.08373866261718847,0.19990929592438322,0.19990929592438322,0.001799640071985603,0.002526417793364404,True
sub-AB63,Scalp EEG (N1),eeg,240,-8.34502693239569,-0.5876929149071455,0.5876929149071455,0.0001999600079984003,0.0002631052736821057,True
sub-AB63,Heart rate,hr,240,-2.4111704152467457,-0.4805874853750431,0.4805874853750431,0.0001999600079984003,0.000681681845449092,True
sub-AB63,Pupil diameter,pupil,225,0.04737095698491223,0.1568739659440183,0.1568739659440183,0.019596080783843232,0.024245998257975524,True
sub-AB64,Scalp EEG (N1),eeg,239,-9.9369963340945,-0.9288796378856174,0.9288796378856174,0.0001999600079984003,0.0002631052736821057,True
sub-AB64,Heart rate,hr,240,-1.8897123805467024,-0.28196872398145173,0.28196872398145173,0.0001999600079984003,0.000681681845449092,True
sub-AB64,Pupil diameter,pupil,202,0.15769337133458478,0.4634451728428903,0.4634451728428903,0.0001999600079984003,0.0003560263557044689,True
sub-AB65,Scalp EEG (N1),eeg,240,-8.010289119580957,-0.6103834920570108,0.6103834920570108,0.0001999600079984003,0.0002631052736821057,True
sub-AB65,Heart rate,hr,240,-0.1587869746344706,-0.14364724793941974,0.14364724793941974,0.026194761047790442,0.04365793507965074,True
sub-AB65,Pupil diameter,pupil,240,0.1280473597754126,0.6929506868906329,0.6929506868906329,0.0001999600079984003,0.0003560263557044689,True
sub-AB66,Scalp EEG (N1),eeg,240,-7.522719122241655,-0.30405099515513023,0.30405099515513023,0.0001999600079984003,0.0002631052736821057,True
sub-AB66,Heart rate,hr,240,-1.9827860717512054,-0.24811240972675894,0.24811240972675894,0.0003999200159968006,0.0011997600479904018,True
sub-AB66,Pupil diameter,pupil,239,0.15404456154899998,0.37571827964596316,0.37571827964596316,0.0001999600079984003,0.0003560263557044689,True
sub-AB67,Scalp EEG (N1),eeg,240,-5.286451208884009,-0.4325883046579761,0.4325883046579761,0.0001999600079984003,0.0002631052736821057,True
sub-AB67,Heart rate,hr,240,-0.4682302973864687,-0.4069460024808981,0.4069460024808981,0.0001999600079984003,0.000681681845449092,True
sub-AB67,Pupil diameter,pupil,135,0.16381083902641655,0.2865912209614314,0.2865912209614314,0.0005998800239952009,0.0009519835163402101,True
sub-AB68,Scalp EEG (N1),eeg,240,-8.119054679952567,-0.46894821845112383,0.46894821845112383,0.0001999600079984003,0.0002631052736821057,True
sub-AB68,Heart rate,hr,240,-3.2790675629148893,-0.4110209899227404,0.4110209899227404,0.0001999600079984003,0.000681681845449092,True
sub-AB68,Pupil diameter,pupil,236,0.16060942009804652,0.2715724265432961,0.2715724265432961,0.0001999600079984003,0.0003560263557044689,True
sub-AB69,Scalp EEG (N1),eeg,239,-5.813160132996659,-0.3811119097442069,0.3811119097442069,0.0001999600079984003,0.0002631052736821057,True
sub-AB69,Heart rate,hr,240,-0.3959811149254089,-0.10234045700844906,0.10234045700844906,0.11297740451909619,0.16946610677864427,False
sub-AB69,Pupil diameter,pupil,172,0.05948828439424641,0.08264560091193242,0.08264560091193242,0.27834433113377327,0.303270689145753,False
sub-AB7,Scalp EEG (N1),eeg,240,-5.998928479839561,-0.3745602670455049,0.3745602670455049,0.0001999600079984003,0.0002631052736821057,True
sub-AB7,Heart rate,hr,240,-0.3638746178240989,-0.14580134561619582,0.14580134561619582,0.027794441111777646,0.04531702355181138,True
sub-AB7,Pupil diameter,pupil,235,0.12302047117583294,0.28026871750985427,0.28026871750985427,0.0001999600079984003,0.0003560263557044689,True
sub-AB70,Scalp EEG (N1),eeg,240,-12.946160816004685,-0.7830241187956358,0.7830241187956358,0.0001999600079984003,0.0002631052736821057,True
sub-AB70,Heart rate,hr,240,-0.6675286548967877,-0.18930964690074287,0.18930964690074287,0.004399120175964807,0.008917135491820556,True
sub-AB70,Pupil diameter,pupil,239,0.11020774294146707,0.5548953282834516,0.5548953282834516,0.0001999600079984003,0.0003560263557044689,True
sub-AB71,Scalp EEG (N1),eeg,240,-4.285116843707928,-0.4322069307966294,0.4322069307966294,0.0001999600079984003,0.0002631052736821057,True
sub-AB71,Heart rate,hr,240,-1.1323001410056268,-0.45115790073052126,0.45115790073052126,0.0001999600079984003,0.000681681845449092,True
sub-AB71,Pupil diameter,pupil,232,0.050526871499830636,0.4194245066014461,0.4194245066014461,0.0001999600079984003,0.0003560263557044689,True
sub-AB72,Scalp EEG (N1),eeg,240,-9.443993060455117,-0.563535243072684,0.563535243072684,0.0001999600079984003,0.0002631052736821057,True
sub-AB72,Heart rate,hr,240,-1.8396212383547907,-0.3648013535181214,0.3648013535181214,0.0001999600079984003,0.000681681845449092,True
sub-AB72,Pupil diameter,pupil,238,0.05907149126505433,0.14359426730035704,0.14359426730035704,0.030193961207758448,0.03673598613610611,True
sub-AB73,Scalp EEG (N1),eeg,240,-3.0316392936651395,-0.18263939797349674,0.18263939797349674,0.0065986802639472104,0.007386582385015533,True
sub-AB73,Heart rate,hr,240,-0.27930587199474394,-0.08430590762774877,0.08430590762774877,0.1905618876224755,0.2464162339945804,False
sub-AB73,Pupil diameter,pupil,240,-0.006630029420045916,-0.010200390585470707,0.010200390585470707,0.8792241551689662,0.8792241551689662,False
sub-AB74,Scalp EEG (N1),eeg,240,-4.304363349529759,-0.3173532416549841,0.3173532416549841,0.0001999600079984003,0.0002631052736821057,True
sub-AB74,Heart rate,hr,240,-0.22696253539060762,-0.06370061125263761,0.06370061125263761,0.3229354129174165,0.39064767691622965,False
sub-AB74,Pupil diameter,pupil,239,0.09422873376274474,0.267878105371385,0.267878105371385,0.0001999600079984003,0.0003560263557044689,True
sub-AB75,Scalp EEG (N1),eeg,240,-10.794835453418175,-0.9184014513925984,0.9184014513925984,0.0001999600079984003,0.0002631052736821057,True
sub-AB75,Heart rate,hr,240,-0.7451683717281009,-0.18449764244026245,0.18449764244026245,0.005398920215956809,0.01065576358412528,True
sub-AB75,Pupil diameter,pupil,238,0.16520073555085255,0.48094291619167323,0.48094291619167323,0.0001999600079984003,0.0003560263557044689,True
sub-AB76,Scalp EEG (N1),eeg,240,-9.129613780158984,-0.38388982392386684,0.38388982392386684,0.0001999600079984003,0.0002631052736821057,True
sub-AB76,Heart rate,hr,240,-0.6063369570175123,-0.12221012061806774,0.12221012061806774,0.05638872225554889,0.08810737852429514,False
sub-AB76,Pupil diameter,pupil,227,0.2040842870460661,0.3331355645152631,0.3331355645152631,0.0001999600079984003,0.0003560263557044689,True
sub-AB77,Scalp EEG (N1),eeg,240,-4.702425199985323,-0.2552223580359167,0.2552223580359167,0.0001999600079984003,0.0002631052736821057,True
sub-AB77,Heart rate,hr,240,-1.1762658285037475,-0.21989168327010938,0.21989168327010938,0.0011997600479904018,0.003102827710320005,True
sub-AB77,Pupil diameter,pupil,240,0.17497914422301372,0.2821769336952347,0.2821769336952347,0.0001999600079984003,0.0003560263557044689,True
sub-AB78,Scalp EEG (N1),eeg,240,-6.331871799768901,-0.3794495961624747,0.3794495961624747,0.0001999600079984003,0.0002631052736821057,True
sub-AB78,Heart rate,hr,240,-0.9037597011392502,-0.20132787098225996,0.20132787098225996,0.0021995600879824036,0.0051552189562087585,True
sub-AB78,Pupil diameter,pupil,237,0.1342422382279733,0.24244684673327052,0.24244684673327052,0.0005998800239952009,0.0009519835163402101,True
sub-AB79,Scalp EEG (N1),eeg,240,-9.845045069828847,-0.5726079242620928,0.5726079242620928,0.0001999600079984003,0.0002631052736821057,True
sub-AB79,Heart rate,hr,240,-0.27543339900722924,-0.09719581540426785,0.09719581540426785,0.13937212557488501,0.19385011886511586,False
sub-AB79,Pupil diameter,pupil,237,0.022478793802977095,0.05444964013178099,0.05444964013178099,0.4029194161167766,0.41426925882429144,False
sub-AB8,Scalp EEG (N1),eeg,240,-4.537654843625891,-0.19942901983716943,0.19942901983716943,0.0023995200959808036,0.002811937612477504,True
sub-AB8,Heart rate,hr,240,-0.5901382871520866,-0.266738922578024,0.266738922578024,0.0001999600079984003,0.000681681845449092,True
sub-AB8,Pupil diameter,pupil,233,0.06354041091124685,0.12965936059505923,0.12965936059505923,0.051989602079584085,0.06024191986999426,False
sub-AB80,Scalp EEG (N1),eeg,240,-4.020071442037899,-0.2916952884211526,0.2916952884211526,0.0001999600079984003,0.0002631052736821057,True
sub-AB80,Heart rate,hr,240,-1.7771991421879967,-0.2477567213027516,0.2477567213027516,0.0003999200159968006,0.0011997600479904018,True
sub-AB80,Pupil diameter,pupil,234,0.1444845802937982,0.20527840222294821,0.20527840222294821,0.001799640071985603,0.002526417793364404,True
sub-AB81,Scalp EEG (N1),eeg,240,-11.724852813123876,-0.7182305367359298,0.7182305367359298,0.0001999600079984003,0.0002631052736821057,True
sub-AB81,Heart rate,hr,240,-0.8321226250426844,-0.06776593238907326,0.06776593238907326,0.29834033193361326,0.3668118835249343,False
sub-AB81,Pupil diameter,pupil,223,0.11633214440116804,0.21251244406709283,0.21251244406709283,0.0011997600479904018,0.0017516496700659865,True
sub-AB82,Scalp EEG (N1),eeg,240,-5.089801270276248,-0.4494828362833576,0.4494828362833576,0.0001999600079984003,0.0002631052736821057,True
sub-AB82,Heart rate,hr,240,-0.30304760012291665,-0.09651799091507852,0.09651799091507852,0.14537092581483704,0.19823308065659595,False
sub-AB82,Pupil diameter,pupil,233,0.231911621564505,0.5026538509036614,0.5026538509036614,0.0001999600079984003,0.0003560263557044689,True
sub-AB83,Scalp EEG (N1),eeg,238,-5.721951154886443,-0.3353835440489536,0.3353835440489536,0.0001999600079984003,0.0002631052736821057,True
sub-AB83,Heart rate,hr,240,-1.659842835258813,-0.47688038957907924,0.47688038957907924,0.0001999600079984003,0.000681681845449092,True
sub-AB83,Pupil diameter,pupil,234,0.2785911459248882,0.6364122013708763,0.6364122013708763,0.0001999600079984003,0.0003560263557044689,True
sub-AB84,Scalp EEG (N1),eeg,240,-4.402890896066202,-0.31379902869120624,0.31379902869120624,0.0001999600079984003,0.0002631052736821057,True
sub-AB84,Heart rate,hr,240,-0.898978579784876,-0.27110178349910996,0.27110178349910996,0.0001999600079984003,0.000681681845449092,True
sub-AB84,Pupil diameter,pupil,239,0.11342509134461755,0.3162136469906441,0.3162136469906441,0.0001999600079984003,0.0003560263557044689,True
sub-AB85,Scalp EEG (N1),eeg,240,-4.139480666578484,-0.2966636522146249,0.2966636522146249,0.0001999600079984003,0.0002631052736821057,True
sub-AB85,Heart rate,hr,240,-0.581494278409068,-0.14525387067831763,0.14525387067831763,0.02519496100779844,0.0429459562632928,True
sub-AB85,Pupil diameter,pupil,238,0.0604925838705725,0.15376556769197305,0.15376556769197305,0.016796640671865627,0.021140599466313633,True
sub-AB86,Scalp EEG (N1),eeg,238,-0.8997040807144262,-0.06200081937489207,0.06200081937489207,0.34833033393321333,0.3530375006079865,False
sub-AB86,Heart rate,hr,240,-0.8060200995068507,-0.19084193352940684,0.19084193352940684,0.0015996800639872025,0.003999200159968006,True
sub-AB86,Pupil diameter,pupil,217,0.07406991872964508,0.18565973310891729,0.18565973310891729,0.007798440311937612,0.009987476188972732,True
sub-AB9,Scalp EEG (N1),eeg,240,-3.195956430275225,-0.2129618169424953,0.2129618169424953,0.001799640071985603,0.0021424286571257176,True
sub-AB9,Heart rate,hr,240,-0.4433826279114565,-0.09989346990282999,0.09989346990282999,0.1245750849830034,0.18319865438676972,False
sub-AB9,Pupil diameter,pupil,207,0.1430958756238704,0.28378744662728145,0.28378744662728145,0.0001999600079984003,0.0003560263557044689,True
