test,value,p,measure,all,late,early,before,after,real,position_only,fraction
assignment_icc,0.04111839416726871,0.004975124378109453,,,,,,,,,
stratified,,,scr_rate,0.11639992466705977,0.05736230321722725,-0.03426374090123289,,,,,
stratified,,,phasic_mean,0.23672063197075674,0.17039218366785452,0.11769367039697869,,,,,
stratified,,,scl_slope,0.23352839097414738,0.19673166266009695,0.06854572965063488,,,,,
regressed,,,scr_rate,,,,0.11639992466705977,0.03848894211841517,,,
regressed,,,phasic_mean,,,,0.23672063197075674,0.08108201769712146,,,
regressed,,,scl_slope,,,,0.23352839097414738,0.20629173640516152,,,
position_only,,,scr_rate,,,,,,0.11639992466705977,0.29017572697641075,2.492920230029394
position_only,,,phasic_mean,,,,,,0.23672063197075674,0.2830584556969419,1.195748986222331
position_only,,,scl_slope,,,,,,0.23352839097414738,0.26737723456486856,1.1449453038644384
