axis,gain,lo,hi,kind,algo,rho_A,rho_D,rho_AD
happy,0.13215245235445708,0.059338097873560876,0.20881678112183077,gain_ci,,,,
valence,0.0830682321986311,0.052667280476548874,0.11581070419101441,gain_ci,,,,
sad,0.07720248827682828,0.03371390819255998,0.12262939614213834,gain_ci,,,,
fear,0.05327862092581661,0.017707601419969812,0.09158489551491533,gain_ci,,,,
tension,0.03424717140674647,0.012199162908290607,0.05808637747376514,gain_ci,,,,
tender,0.033146476230696394,0.013299188982163705,0.055219442838215914,gain_ci,,,,
anger,0.025561473071313578,-0.012573644039804571,0.06361496950526396,gain_ci,,,,
energy,0.012194851983697364,-0.01347045960398305,0.03795783804109967,gain_ci,,,,
anger,0.019490878691718505,,,per_algo,ElasticNet,0.7154950653348746,0.6916630001076178,0.7349859440265931
anger,0.04086731193654891,,,per_algo,GBDT,0.6922657054025747,0.6751926495785896,0.7331330173391236
anger,0.05481272879925836,,,per_algo,KNN,0.6676155008544713,0.6652047387364818,0.7224282296537297
anger,0.01995784589514593,,,per_algo,RF,0.7057428797316557,0.6921285103038457,0.7257007256268017
anger,0.03886090825017785,,,per_algo,SVR,0.7017720371064408,0.624949377366986,0.7406329453566186
anger,0.029130802600832895,,,per_algo,XGBoost,0.699384881631736,0.6897917289978345,0.7285156842325688
energy,0.017096779883397528,,,per_algo,ElasticNet,0.8107008927700993,0.7584552575832401,0.8277976726534968
energy,0.00633870620438004,,,per_algo,GBDT,0.8102708425439915,0.7571963669123779,0.8166095487483715
energy,0.0036199823836312595,,,per_algo,KNN,0.7933201799309837,0.6312261016453125,0.796940162314615
energy,0.01584869514104048,,,per_algo,RF,0.7961516105318157,0.7588482589116158,0.8120003056728562
energy,0.015281641178526817,,,per_algo,SVR,0.8191329903383605,0.6881060901739103,0.8344146315168873
energy,0.0004990023413320444,,,per_algo,XGBoost,0.8225773800494105,0.7530193609770728,0.8230763823907425
fear,0.0772092576274882,,,per_algo,ElasticNet,0.6904010426145095,0.731753429412845,0.7676103002419977
fear,0.053321617904348084,,,per_algo,GBDT,0.7171675088462078,0.7381475672315518,0.7704891267505559
fear,0.08315652340315105,,,per_algo,KNN,0.5957062740417675,0.6792571434854151,0.6788627974449185
fear,0.05315831722295672,,,per_algo,RF,0.7050951615851152,0.7209560579058099,0.7582534788080719
fear,0.0598315775003565,,,per_algo,SVR,0.6938256759050155,0.7050337733682778,0.753657253405372
fear,0.06174317179939581,,,per_algo,XGBoost,0.7060627950248095,0.7298045207074927,0.7678059668242053
happy,0.1320161724686577,,,per_algo,ElasticNet,0.4743789216154495,0.5578494452671942,0.6063950940841072
happy,0.15245701674938944,,,per_algo,GBDT,0.42465012369569327,0.5653580605452446,0.5771071404450827
happy,0.1261252281169633,,,per_algo,KNN,0.31158791236913036,0.5030004623193585,0.43771314048609367
happy,0.12924715854791025,,,per_algo,RF,0.4229159188463204,0.5663262539543394,0.5521630773942307
happy,0.18913367747436066,,,per_algo,SVR,0.34962632866915705,0.5693687354701368,0.5387600061435177
happy,0.12968146519559898,,,per_algo,XGBoost,0.4508462864936451,0.5803144442180674,0.5805277516892441
sad,0.09078182015668546,,,per_algo,ElasticNet,0.573829579448188,0.6326330212731757,0.6646113996048735
sad,0.08857655666953312,,,per_algo,GBDT,0.603529809478186,0.6615057630534945,0.6921063661477191
sad,0.04878872680894364,,,per_algo,KNN,0.608298575084758,0.5847978194728325,0.6570873018937017
sad,0.0760955964049993,,,per_algo,RF,0.6262818199472248,0.6492883298506666,0.7023774163522241
sad,0.14276900509040424,,,per_algo,SVR,0.5386493141269567,0.6524989789490528,0.681418319217361
sad,0.0771183734747134,,,per_algo,XGBoost,0.6271819274930013,0.6702673408692859,0.7043003009677147
tender,0.02996636728819746,,,per_algo,ElasticNet,0.7385793270479707,0.7549018891193731,0.7685456943361682
tender,0.05065577088412976,,,per_algo,GBDT,0.7332316341286913,0.7473923948156713,0.7838874050128211
tender,0.0761164960223738,,,per_algo,KNN,0.6934974564909456,0.7131678703528103,0.7696139525133194
tender,0.03307710084350479,,,per_algo,RF,0.7543147978097429,0.7635673218969561,0.7873918986532477
tender,0.04688226875150048,,,per_algo,SVR,0.7362388418466772,0.7263828607478332,0.7831211105981777
tender,0.03443891870438798,,,per_algo,XGBoost,0.7491672297966862,0.7571668087981117,0.7836061485010741
tension,0.04090230601779543,,,per_algo,ElasticNet,0.7964455173939567,0.7937069308514573,0.8373478234117522
tension,0.039604085557139235,,,per_algo,GBDT,0.7851657156387954,0.7728089517654599,0.8247698011959347
tension,0.08454616368191126,,,per_algo,KNN,0.7219994233176816,0.7517198360078923,0.8065455869995929
tension,0.03150037012516438,,,per_algo,RF,0.7921205599912896,0.7912321820185101,0.823620930116454
tension,0.0340261884708819,,,per_algo,SVR,0.8044945614331673,0.7832796169077075,0.8385207499040492
tension,0.03816063214958654,,,per_algo,XGBoost,0.7955032398598402,0.7918868237074003,0.8336638720094267
valence,0.08279060566510554,,,per_algo,ElasticNet,0.7352316163775792,0.7619348856040166,0.8180222220426847
valence,0.06559323513138371,,,per_algo,GBDT,0.717086576037651,0.7346150585682746,0.7826798111690347
valence,0.0806859053061989,,,per_algo,KNN,0.6358419120941008,0.7054980258838327,0.7165278174002997
valence,0.053178979353216915,,,per_algo,RF,0.7231121969229938,0.7592616772094494,0.7762911762762107
valence,0.08790058739196083,,,per_algo,SVR,0.7012757852298827,0.7316822604263309,0.7891763726218435
valence,0.05715695425305756,,,per_algo,XGBoost,0.7257760148063822,0.7476546194812277,0.7829329690594398
