family,variant,algorithm,source,target,domain_match,rho
hand,published,RF,deam,deam,within-corpus,0.726924112535268
hand,published,RF,deam,pmemo,same-domain,0.7559974150675184
hand,published,RF,deam,soundtracks,same-domain,0.6828773071974271
hand,published,RF,deam,emo_mix,cross-domain,0.14562923283787035
hand,published,RF,pmemo,pmemo,within-corpus,0.8022791057761872
hand,published,RF,pmemo,deam,same-domain,0.6502543634341936
hand,published,RF,pmemo,soundtracks,same-domain,0.5766044736824076
hand,published,RF,pmemo,emo_mix,cross-domain,-0.02743197455542172
hand,published,RF,soundtracks,soundtracks,within-corpus,0.7961516105318157
hand,published,RF,soundtracks,deam,same-domain,0.6462159485605504
hand,published,RF,soundtracks,pmemo,same-domain,0.6040096825418245
hand,published,RF,soundtracks,emo_mix,cross-domain,0.2501806439283416
hand,published,RF,emo_mix,emo_mix,within-corpus,0.7486316164775603
hand,published,RF,emo_mix,deam,cross-domain,-0.01067482290420276
hand,published,RF,emo_mix,pmemo,cross-domain,-0.19257854300594565
hand,published,RF,emo_mix,soundtracks,cross-domain,-0.0034304963744003865
hand,published,XGBoost,deam,deam,within-corpus,0.7355945996935712
hand,published,XGBoost,deam,pmemo,same-domain,0.6989806817902288
hand,published,XGBoost,deam,soundtracks,same-domain,0.6671585404824617
hand,published,XGBoost,deam,emo_mix,cross-domain,0.13177882122463944
hand,published,XGBoost,pmemo,pmemo,within-corpus,0.8127441298494251
hand,published,XGBoost,pmemo,deam,same-domain,0.6319196111835097
hand,published,XGBoost,pmemo,soundtracks,same-domain,0.4754674149735224
hand,published,XGBoost,pmemo,emo_mix,cross-domain,-0.06197466952049422
hand,published,XGBoost,soundtracks,soundtracks,within-corpus,0.8225773800494105
hand,published,XGBoost,soundtracks,deam,same-domain,0.6359064665930818
hand,published,XGBoost,soundtracks,pmemo,same-domain,0.6053866069859084
hand,published,XGBoost,soundtracks,emo_mix,cross-domain,0.3775808687510354
hand,published,XGBoost,emo_mix,emo_mix,within-corpus,0.7726082639208356
hand,published,XGBoost,emo_mix,deam,cross-domain,0.10052826693804492
hand,published,XGBoost,emo_mix,pmemo,cross-domain,-0.15387497591577884
hand,published,XGBoost,emo_mix,soundtracks,cross-domain,0.0737383696997993
hand,published,GBDT,deam,deam,within-corpus,0.722306691027284
hand,published,GBDT,deam,pmemo,same-domain,0.6591161016312548
hand,published,GBDT,deam,soundtracks,same-domain,0.6940346856631149
hand,published,GBDT,deam,emo_mix,cross-domain,0.22157666952166302
hand,published,GBDT,pmemo,pmemo,within-corpus,0.7975265216667302
hand,published,GBDT,pmemo,deam,same-domain,0.6715164567646751
hand,published,GBDT,pmemo,soundtracks,same-domain,0.61344612914302
hand,published,GBDT,pmemo,emo_mix,cross-domain,0.054479332173872574
hand,published,GBDT,soundtracks,soundtracks,within-corpus,0.8102708425439914
hand,published,GBDT,soundtracks,deam,same-domain,0.6142311451609312
hand,published,GBDT,soundtracks,pmemo,same-domain,0.5022315466756143
hand,published,GBDT,soundtracks,emo_mix,cross-domain,0.3910187516843568
hand,published,GBDT,emo_mix,emo_mix,within-corpus,0.7512225575404302
hand,published,GBDT,emo_mix,deam,cross-domain,0.08169148209948555
hand,published,GBDT,emo_mix,pmemo,cross-domain,-0.0649013290200178
hand,published,GBDT,emo_mix,soundtracks,cross-domain,0.16070293860601859
hand,published,SVR,deam,deam,within-corpus,0.7105876865226555
hand,published,SVR,deam,pmemo,same-domain,0.673336602725527
hand,published,SVR,deam,soundtracks,same-domain,0.5025399964973604
hand,published,SVR,deam,emo_mix,cross-domain,0.08079449515026407
hand,published,SVR,pmemo,pmemo,within-corpus,0.8003541188818549
hand,published,SVR,pmemo,deam,same-domain,0.5680778464980547
hand,published,SVR,pmemo,soundtracks,same-domain,0.0020300994969217573
hand,published,SVR,pmemo,emo_mix,cross-domain,-0.1100803842303504
hand,published,SVR,soundtracks,soundtracks,within-corpus,0.8191329903383605
hand,published,SVR,soundtracks,deam,same-domain,0.43959980384314556
hand,published,SVR,soundtracks,pmemo,same-domain,0.44966762795485704
hand,published,SVR,soundtracks,emo_mix,cross-domain,-0.018433855690261385
hand,published,SVR,emo_mix,emo_mix,within-corpus,0.739109690414387
hand,published,SVR,emo_mix,deam,cross-domain,0.08029608846911566
hand,published,SVR,emo_mix,pmemo,cross-domain,0.12399461319282891
hand,published,SVR,emo_mix,soundtracks,cross-domain,0.25518521770174485
hand,published,KNN,deam,deam,within-corpus,0.6657846217315452
hand,published,KNN,deam,pmemo,same-domain,0.5687754268611872
hand,published,KNN,deam,soundtracks,same-domain,0.6132855240953313
hand,published,KNN,deam,emo_mix,cross-domain,0.007406298036708505
hand,published,KNN,pmemo,pmemo,within-corpus,0.7662901859561331
hand,published,KNN,pmemo,deam,same-domain,0.6095607135435819
hand,published,KNN,pmemo,soundtracks,same-domain,0.4831610266683881
hand,published,KNN,pmemo,emo_mix,cross-domain,-0.08915241074177041
hand,published,KNN,soundtracks,soundtracks,within-corpus,0.7933201799309837
hand,published,KNN,soundtracks,deam,same-domain,0.5897557604433468
hand,published,KNN,soundtracks,pmemo,same-domain,0.48162874752570883
hand,published,KNN,soundtracks,emo_mix,cross-domain,0.03882919413650312
hand,published,KNN,emo_mix,emo_mix,within-corpus,0.6970602506195369
hand,published,KNN,emo_mix,deam,cross-domain,-0.08331963953684556
hand,published,KNN,emo_mix,pmemo,cross-domain,-0.2866245529619225
hand,published,KNN,emo_mix,soundtracks,cross-domain,0.06940699359688948
hand,published,ElasticNet,deam,deam,within-corpus,0.7347883907611463
hand,published,ElasticNet,deam,pmemo,same-domain,0.7307143768924772
hand,published,ElasticNet,deam,soundtracks,same-domain,0.6976728102352234
hand,published,ElasticNet,deam,emo_mix,cross-domain,0.16459575708138047
hand,published,ElasticNet,pmemo,pmemo,within-corpus,0.8203842757075668
hand,published,ElasticNet,pmemo,deam,same-domain,0.677878546931249
hand,published,ElasticNet,pmemo,soundtracks,same-domain,0.6709031806355505
hand,published,ElasticNet,pmemo,emo_mix,cross-domain,0.011065678462348691
hand,published,ElasticNet,soundtracks,soundtracks,within-corpus,0.8107008927700993
hand,published,ElasticNet,soundtracks,deam,same-domain,0.6364338817467937
hand,published,ElasticNet,soundtracks,pmemo,same-domain,0.5256093024555262
hand,published,ElasticNet,soundtracks,emo_mix,cross-domain,0.4215492554967489
hand,published,ElasticNet,emo_mix,emo_mix,within-corpus,0.7233533521215088
hand,published,ElasticNet,emo_mix,deam,cross-domain,-0.027298658351130312
hand,published,ElasticNet,emo_mix,pmemo,cross-domain,-0.18090649400881464
hand,published,ElasticNet,emo_mix,soundtracks,cross-domain,0.009681983298702379
hand,clean,RF,deam,deam,within-corpus,0.726924112535268
hand,clean,RF,deam,pmemo,same-domain,0.7559974150675184
hand,clean,RF,deam,soundtracks,same-domain,0.6828660306098049
hand,clean,RF,deam,emo_mix,cross-domain,0.22319604595551862
hand,clean,RF,pmemo,pmemo,within-corpus,0.8022791057761872
hand,clean,RF,pmemo,deam,same-domain,0.6502543634341936
hand,clean,RF,pmemo,soundtracks,same-domain,0.5766044736824076
hand,clean,RF,pmemo,emo_mix,cross-domain,0.07215050897990731
hand,clean,RF,soundtracks,soundtracks,within-corpus,0.7961516105318157
hand,clean,RF,soundtracks,deam,same-domain,0.6462159485605504
hand,clean,RF,soundtracks,pmemo,same-domain,0.6040096825418245
hand,clean,RF,soundtracks,emo_mix,cross-domain,0.2580958387979902
hand,clean,RF,emo_mix,emo_mix,within-corpus,0.6324917832754451
hand,clean,RF,emo_mix,deam,cross-domain,0.3165866993910305
hand,clean,RF,emo_mix,pmemo,cross-domain,0.05051075202345038
hand,clean,RF,emo_mix,soundtracks,cross-domain,0.20995378789285013
hand,clean,XGBoost,deam,deam,within-corpus,0.7355945996935712
hand,clean,XGBoost,deam,pmemo,same-domain,0.6989806817902288
hand,clean,XGBoost,deam,soundtracks,same-domain,0.6671585404824617
hand,clean,XGBoost,deam,emo_mix,cross-domain,0.213617268948689
hand,clean,XGBoost,pmemo,pmemo,within-corpus,0.8127441298494251
hand,clean,XGBoost,pmemo,deam,same-domain,0.6319196111835097
hand,clean,XGBoost,pmemo,soundtracks,same-domain,0.4754674149735224
hand,clean,XGBoost,pmemo,emo_mix,cross-domain,0.10074064514376348
hand,clean,XGBoost,soundtracks,soundtracks,within-corpus,0.8225773800494105
hand,clean,XGBoost,soundtracks,deam,same-domain,0.6359064665930818
hand,clean,XGBoost,soundtracks,pmemo,same-domain,0.6053866069859084
hand,clean,XGBoost,soundtracks,emo_mix,cross-domain,0.320499042518134
hand,clean,XGBoost,emo_mix,emo_mix,within-corpus,0.6604097230996364
hand,clean,XGBoost,emo_mix,deam,cross-domain,0.2533578116560122
hand,clean,XGBoost,emo_mix,pmemo,cross-domain,-0.09369782012783406
hand,clean,XGBoost,emo_mix,soundtracks,cross-domain,0.21333913092313928
hand,clean,GBDT,deam,deam,within-corpus,0.722306691027284
hand,clean,GBDT,deam,pmemo,same-domain,0.6591161016312548
hand,clean,GBDT,deam,soundtracks,same-domain,0.6940346856631149
hand,clean,GBDT,deam,emo_mix,cross-domain,0.24249848926657408
hand,clean,GBDT,pmemo,pmemo,within-corpus,0.7975265216667302
hand,clean,GBDT,pmemo,deam,same-domain,0.6715164567646751
hand,clean,GBDT,pmemo,soundtracks,same-domain,0.61344612914302
hand,clean,GBDT,pmemo,emo_mix,cross-domain,0.2013710399766823
hand,clean,GBDT,soundtracks,soundtracks,within-corpus,0.8102708425439914
hand,clean,GBDT,soundtracks,deam,same-domain,0.6142311451609312
hand,clean,GBDT,soundtracks,pmemo,same-domain,0.5022315466756143
hand,clean,GBDT,soundtracks,emo_mix,cross-domain,0.316542364695834
hand,clean,GBDT,emo_mix,emo_mix,within-corpus,0.6835588994785643
hand,clean,GBDT,emo_mix,deam,cross-domain,0.2595539119806356
hand,clean,GBDT,emo_mix,pmemo,cross-domain,-0.09691354333173192
hand,clean,GBDT,emo_mix,soundtracks,cross-domain,0.13228977873749892
hand,clean,SVR,deam,deam,within-corpus,0.7105876865226555
hand,clean,SVR,deam,pmemo,same-domain,0.673336602725527
hand,clean,SVR,deam,soundtracks,same-domain,0.5025399964973604
hand,clean,SVR,deam,emo_mix,cross-domain,0.1170934098004049
hand,clean,SVR,pmemo,pmemo,within-corpus,0.8003541188818549
hand,clean,SVR,pmemo,deam,same-domain,0.5680778464980547
hand,clean,SVR,pmemo,soundtracks,same-domain,0.0020300994969217573
hand,clean,SVR,pmemo,emo_mix,cross-domain,0.017627384517289166
hand,clean,SVR,soundtracks,soundtracks,within-corpus,0.8191329903383605
hand,clean,SVR,soundtracks,deam,same-domain,0.43959980384314556
hand,clean,SVR,soundtracks,pmemo,same-domain,0.44966762795485704
hand,clean,SVR,soundtracks,emo_mix,cross-domain,0.05768640935230074
hand,clean,SVR,emo_mix,emo_mix,within-corpus,0.5843520919927042
hand,clean,SVR,emo_mix,deam,cross-domain,0.16997833020457223
hand,clean,SVR,emo_mix,pmemo,cross-domain,-0.08027030647576756
hand,clean,SVR,emo_mix,soundtracks,cross-domain,0.25878217683192856
hand,clean,KNN,deam,deam,within-corpus,0.6657846217315452
hand,clean,KNN,deam,pmemo,same-domain,0.5687754268611872
hand,clean,KNN,deam,soundtracks,same-domain,0.6132855240953313
hand,clean,KNN,deam,emo_mix,cross-domain,0.06276389489258914
hand,clean,KNN,pmemo,pmemo,within-corpus,0.7662901859561331
hand,clean,KNN,pmemo,deam,same-domain,0.6095607135435819
hand,clean,KNN,pmemo,soundtracks,same-domain,0.4831610266683881
hand,clean,KNN,pmemo,emo_mix,cross-domain,0.015642593582298425
hand,clean,KNN,soundtracks,soundtracks,within-corpus,0.7933201799309837
hand,clean,KNN,soundtracks,deam,same-domain,0.5897557604433468
hand,clean,KNN,soundtracks,pmemo,same-domain,0.48162874752570883
hand,clean,KNN,soundtracks,emo_mix,cross-domain,0.08694504463702707
hand,clean,KNN,emo_mix,emo_mix,within-corpus,0.5031150785300909
hand,clean,KNN,emo_mix,deam,cross-domain,-0.004666886623707527
hand,clean,KNN,emo_mix,pmemo,cross-domain,-0.34278320522506095
hand,clean,KNN,emo_mix,soundtracks,cross-domain,0.12501184088348533
hand,clean,ElasticNet,deam,deam,within-corpus,0.7347883907611463
hand,clean,ElasticNet,deam,pmemo,same-domain,0.7307143768924772
hand,clean,ElasticNet,deam,soundtracks,same-domain,0.6976728102352234
hand,clean,ElasticNet,deam,emo_mix,cross-domain,0.18187465167436528
hand,clean,ElasticNet,pmemo,pmemo,within-corpus,0.8203842757075668
hand,clean,ElasticNet,pmemo,deam,same-domain,0.677878546931249
hand,clean,ElasticNet,pmemo,soundtracks,same-domain,0.6709031806355505
hand,clean,ElasticNet,pmemo,emo_mix,cross-domain,0.13281104112001882
hand,clean,ElasticNet,soundtracks,soundtracks,within-corpus,0.8107008927700993
hand,clean,ElasticNet,soundtracks,deam,same-domain,0.6364338817467937
hand,clean,ElasticNet,soundtracks,pmemo,same-domain,0.5256093024555262
hand,clean,ElasticNet,soundtracks,emo_mix,cross-domain,0.27921745390476604
hand,clean,ElasticNet,emo_mix,emo_mix,within-corpus,0.6690877753447004
hand,clean,ElasticNet,emo_mix,deam,cross-domain,0.10540134049615092
hand,clean,ElasticNet,emo_mix,pmemo,cross-domain,-0.15662587141413947
hand,clean,ElasticNet,emo_mix,soundtracks,cross-domain,-0.04284679294339583
ast,published,RF,deam,deam,within-corpus,0.7391845746556935
ast,published,RF,deam,pmemo,same-domain,0.6934369986533001
ast,published,RF,deam,soundtracks,same-domain,0.6529564630184124
ast,published,RF,deam,emo_mix,cross-domain,0.031523894894903925
ast,published,RF,pmemo,pmemo,within-corpus,0.7950564810960538
ast,published,RF,pmemo,deam,same-domain,0.640438218196718
ast,published,RF,pmemo,soundtracks,same-domain,0.5606699743233551
ast,published,RF,pmemo,emo_mix,cross-domain,0.05555398784599941
ast,published,RF,soundtracks,soundtracks,within-corpus,0.8211737671217816
ast,published,RF,soundtracks,deam,same-domain,0.4478518856551137
ast,published,RF,soundtracks,pmemo,same-domain,0.404930550662804
ast,published,RF,soundtracks,emo_mix,cross-domain,-0.12891698949815403
ast,published,RF,emo_mix,emo_mix,within-corpus,0.76555690916462
ast,published,RF,emo_mix,deam,cross-domain,0.10320000367078265
ast,published,RF,emo_mix,pmemo,cross-domain,-0.25997371617974874
ast,published,RF,emo_mix,soundtracks,cross-domain,0.3721397115442089
ast,published,XGBoost,deam,deam,within-corpus,0.7543942963911271
ast,published,XGBoost,deam,pmemo,same-domain,0.6806211623488618
ast,published,XGBoost,deam,soundtracks,same-domain,0.7012156110808748
ast,published,XGBoost,deam,emo_mix,cross-domain,0.2289559280939969
ast,published,XGBoost,pmemo,pmemo,within-corpus,0.799768166235024
ast,published,XGBoost,pmemo,deam,same-domain,0.6438182958100421
ast,published,XGBoost,pmemo,soundtracks,same-domain,0.6169284682458445
ast,published,XGBoost,pmemo,emo_mix,cross-domain,0.10187197564705856
ast,published,XGBoost,soundtracks,soundtracks,within-corpus,0.8373607907386414
ast,published,XGBoost,soundtracks,deam,same-domain,0.4650593254813587
ast,published,XGBoost,soundtracks,pmemo,same-domain,0.4100324206957043
ast,published,XGBoost,soundtracks,emo_mix,cross-domain,-0.11716201839886796
ast,published,XGBoost,emo_mix,emo_mix,within-corpus,0.7893853660326036
ast,published,XGBoost,emo_mix,deam,cross-domain,0.15216789710649758
ast,published,XGBoost,emo_mix,pmemo,cross-domain,-0.13064953704232157
ast,published,XGBoost,emo_mix,soundtracks,cross-domain,0.2508872882807857
ast,published,GBDT,deam,deam,within-corpus,0.7477022852052941
ast,published,GBDT,deam,pmemo,same-domain,0.677929677818094
ast,published,GBDT,deam,soundtracks,same-domain,0.6636689974273005
ast,published,GBDT,deam,emo_mix,cross-domain,0.16130889819944463
ast,published,GBDT,pmemo,pmemo,within-corpus,0.7936072540809359
ast,published,GBDT,pmemo,deam,same-domain,0.6219839513388361
ast,published,GBDT,pmemo,soundtracks,same-domain,0.6558258229625757
ast,published,GBDT,pmemo,emo_mix,cross-domain,0.09402453978279958
ast,published,GBDT,soundtracks,soundtracks,within-corpus,0.8247779302043023
ast,published,GBDT,soundtracks,deam,same-domain,0.48624088756495837
ast,published,GBDT,soundtracks,pmemo,same-domain,0.32087555877710894
ast,published,GBDT,soundtracks,emo_mix,cross-domain,-0.01625361661657849
ast,published,GBDT,emo_mix,emo_mix,within-corpus,0.7743299545180562
ast,published,GBDT,emo_mix,deam,cross-domain,0.17511143599962914
ast,published,GBDT,emo_mix,pmemo,cross-domain,-0.26689194344604356
ast,published,GBDT,emo_mix,soundtracks,cross-domain,0.3854557028708273
ast,published,SVR,deam,deam,within-corpus,0.7688149796738806
ast,published,SVR,deam,pmemo,same-domain,0.6587256239015262
ast,published,SVR,deam,soundtracks,same-domain,0.6789465220616347
ast,published,SVR,deam,emo_mix,cross-domain,0.2673135361267282
ast,published,SVR,pmemo,pmemo,within-corpus,0.802288516446944
ast,published,SVR,pmemo,deam,same-domain,0.6034207897658528
ast,published,SVR,pmemo,soundtracks,same-domain,0.5625279508162289
ast,published,SVR,pmemo,emo_mix,cross-domain,0.12794772455339962
ast,published,SVR,soundtracks,soundtracks,within-corpus,0.8431568849616504
ast,published,SVR,soundtracks,deam,same-domain,0.6072608908811731
ast,published,SVR,soundtracks,pmemo,same-domain,0.64679115068525
ast,published,SVR,soundtracks,emo_mix,cross-domain,0.12265202184341384
ast,published,SVR,emo_mix,emo_mix,within-corpus,0.8254162230211108
ast,published,SVR,emo_mix,deam,cross-domain,0.21108937645738637
ast,published,SVR,emo_mix,pmemo,cross-domain,-0.21197439226322148
ast,published,SVR,emo_mix,soundtracks,cross-domain,0.22037314717003012
ast,published,KNN,deam,deam,within-corpus,0.6922221937854012
ast,published,KNN,deam,pmemo,same-domain,0.4885493964223063
ast,published,KNN,deam,soundtracks,same-domain,0.517584865048232
ast,published,KNN,deam,emo_mix,cross-domain,0.18132538989683994
ast,published,KNN,pmemo,pmemo,within-corpus,0.7399282717981648
ast,published,KNN,pmemo,deam,same-domain,0.6292615755844848
ast,published,KNN,pmemo,soundtracks,same-domain,0.518990954414328
ast,published,KNN,pmemo,emo_mix,cross-domain,0.053512452007166034
ast,published,KNN,soundtracks,soundtracks,within-corpus,0.8032759948512826
ast,published,KNN,soundtracks,deam,same-domain,0.5523613859816149
ast,published,KNN,soundtracks,pmemo,same-domain,0.410038837520822
ast,published,KNN,soundtracks,emo_mix,cross-domain,0.1651122632152871
ast,published,KNN,emo_mix,emo_mix,within-corpus,0.7236283812561272
ast,published,KNN,emo_mix,deam,cross-domain,0.16515724934054657
ast,published,KNN,emo_mix,pmemo,cross-domain,-0.24760273578135128
ast,published,KNN,emo_mix,soundtracks,cross-domain,0.13951481981822056
ast,published,ElasticNet,deam,deam,within-corpus,0.7702274381293558
ast,published,ElasticNet,deam,pmemo,same-domain,0.7063626206947838
ast,published,ElasticNet,deam,soundtracks,same-domain,0.7004566232453866
ast,published,ElasticNet,deam,emo_mix,cross-domain,0.15847279790724694
ast,published,ElasticNet,pmemo,pmemo,within-corpus,0.7987771802725907
ast,published,ElasticNet,pmemo,deam,same-domain,0.6550949275407809
ast,published,ElasticNet,pmemo,soundtracks,same-domain,0.7185292813864135
ast,published,ElasticNet,pmemo,emo_mix,cross-domain,0.2680204509919168
ast,published,ElasticNet,soundtracks,soundtracks,within-corpus,0.8420279227168633
ast,published,ElasticNet,soundtracks,deam,same-domain,0.5290211618621108
ast,published,ElasticNet,soundtracks,pmemo,same-domain,0.5535393931167857
ast,published,ElasticNet,soundtracks,emo_mix,cross-domain,0.10694943167144398
ast,published,ElasticNet,emo_mix,emo_mix,within-corpus,0.8343442437782935
ast,published,ElasticNet,emo_mix,deam,cross-domain,0.12301727941120286
ast,published,ElasticNet,emo_mix,pmemo,cross-domain,0.16169232931919256
ast,published,ElasticNet,emo_mix,soundtracks,cross-domain,-0.03954455264899234
ast,clean,RF,deam,deam,within-corpus,0.7391815166566285
ast,clean,RF,deam,pmemo,same-domain,0.6934369986533001
ast,clean,RF,deam,soundtracks,same-domain,0.6529564630184124
ast,clean,RF,deam,emo_mix,cross-domain,0.07297937242795287
ast,clean,RF,pmemo,pmemo,within-corpus,0.7950564810960538
ast,clean,RF,pmemo,deam,same-domain,0.640438218196718
ast,clean,RF,pmemo,soundtracks,same-domain,0.5606699743233551
ast,clean,RF,pmemo,emo_mix,cross-domain,0.20794850296591824
ast,clean,RF,soundtracks,soundtracks,within-corpus,0.8211737671217816
ast,clean,RF,soundtracks,deam,same-domain,0.44784681831814527
ast,clean,RF,soundtracks,pmemo,same-domain,0.404930550662804
ast,clean,RF,soundtracks,emo_mix,cross-domain,-0.029486083543903384
ast,clean,RF,emo_mix,emo_mix,within-corpus,0.6587654406858959
ast,clean,RF,emo_mix,deam,cross-domain,0.3075974585886968
ast,clean,RF,emo_mix,pmemo,cross-domain,0.09663688020620854
ast,clean,RF,emo_mix,soundtracks,cross-domain,0.5040771398272329
ast,clean,XGBoost,deam,deam,within-corpus,0.7543942963911271
ast,clean,XGBoost,deam,pmemo,same-domain,0.6806211623488618
ast,clean,XGBoost,deam,soundtracks,same-domain,0.7012156110808748
ast,clean,XGBoost,deam,emo_mix,cross-domain,0.2447478289417957
ast,clean,XGBoost,pmemo,pmemo,within-corpus,0.799768166235024
ast,clean,XGBoost,pmemo,deam,same-domain,0.6438182958100421
ast,clean,XGBoost,pmemo,soundtracks,same-domain,0.6169284682458445
ast,clean,XGBoost,pmemo,emo_mix,cross-domain,0.19912708920554334
ast,clean,XGBoost,soundtracks,soundtracks,within-corpus,0.8373607907386414
ast,clean,XGBoost,soundtracks,deam,same-domain,0.4650593254813587
ast,clean,XGBoost,soundtracks,pmemo,same-domain,0.4100324206957043
ast,clean,XGBoost,soundtracks,emo_mix,cross-domain,-0.06821655344389378
ast,clean,XGBoost,emo_mix,emo_mix,within-corpus,0.6811038370010966
ast,clean,XGBoost,emo_mix,deam,cross-domain,0.17853124616071314
ast,clean,XGBoost,emo_mix,pmemo,cross-domain,0.10836163221843903
ast,clean,XGBoost,emo_mix,soundtracks,cross-domain,0.33003299606141706
ast,clean,GBDT,deam,deam,within-corpus,0.7477022852052941
ast,clean,GBDT,deam,pmemo,same-domain,0.677929677818094
ast,clean,GBDT,deam,soundtracks,same-domain,0.6636689974273005
ast,clean,GBDT,deam,emo_mix,cross-domain,0.1572752212065266
ast,clean,GBDT,pmemo,pmemo,within-corpus,0.7936072540809359
ast,clean,GBDT,pmemo,deam,same-domain,0.6219839513388361
ast,clean,GBDT,pmemo,soundtracks,same-domain,0.6558258229625757
ast,clean,GBDT,pmemo,emo_mix,cross-domain,0.22603522062708054
ast,clean,GBDT,soundtracks,soundtracks,within-corpus,0.8247779302043023
ast,clean,GBDT,soundtracks,deam,same-domain,0.48624088756495837
ast,clean,GBDT,soundtracks,pmemo,same-domain,0.32087555877710894
ast,clean,GBDT,soundtracks,emo_mix,cross-domain,-0.011843866726457585
ast,clean,GBDT,emo_mix,emo_mix,within-corpus,0.6753900153357382
ast,clean,GBDT,emo_mix,deam,cross-domain,0.23529057054920574
ast,clean,GBDT,emo_mix,pmemo,cross-domain,0.1364997019698688
ast,clean,GBDT,emo_mix,soundtracks,cross-domain,0.2565182061680717
ast,clean,SVR,deam,deam,within-corpus,0.7688149796738806
ast,clean,SVR,deam,pmemo,same-domain,0.6587256239015262
ast,clean,SVR,deam,soundtracks,same-domain,0.6789465220616347
ast,clean,SVR,deam,emo_mix,cross-domain,0.25397249383911474
ast,clean,SVR,pmemo,pmemo,within-corpus,0.802288516446944
ast,clean,SVR,pmemo,deam,same-domain,0.6034207897658528
ast,clean,SVR,pmemo,soundtracks,same-domain,0.5625279508162289
ast,clean,SVR,pmemo,emo_mix,cross-domain,0.06776374661167452
ast,clean,SVR,soundtracks,soundtracks,within-corpus,0.8431568849616504
ast,clean,SVR,soundtracks,deam,same-domain,0.6072608908811731
ast,clean,SVR,soundtracks,pmemo,same-domain,0.64679115068525
ast,clean,SVR,soundtracks,emo_mix,cross-domain,0.24343940858611052
ast,clean,SVR,emo_mix,emo_mix,within-corpus,0.757673969552998
ast,clean,SVR,emo_mix,deam,cross-domain,0.24685639503650803
ast,clean,SVR,emo_mix,pmemo,cross-domain,-0.0924638010906283
ast,clean,SVR,emo_mix,soundtracks,cross-domain,0.21006261902993875
ast,clean,KNN,deam,deam,within-corpus,0.6922221937854012
ast,clean,KNN,deam,pmemo,same-domain,0.4885493964223063
ast,clean,KNN,deam,soundtracks,same-domain,0.517584865048232
ast,clean,KNN,deam,emo_mix,cross-domain,0.15917998401770123
ast,clean,KNN,pmemo,pmemo,within-corpus,0.7399282717981648
ast,clean,KNN,pmemo,deam,same-domain,0.6292615755844848
ast,clean,KNN,pmemo,soundtracks,same-domain,0.518990954414328
ast,clean,KNN,pmemo,emo_mix,cross-domain,0.12764450479894837
ast,clean,KNN,soundtracks,soundtracks,within-corpus,0.8032759948512826
ast,clean,KNN,soundtracks,deam,same-domain,0.5523613859816149
ast,clean,KNN,soundtracks,pmemo,same-domain,0.410038837520822
ast,clean,KNN,soundtracks,emo_mix,cross-domain,0.20126754577736475
ast,clean,KNN,emo_mix,emo_mix,within-corpus,0.5746802976342535
ast,clean,KNN,emo_mix,deam,cross-domain,0.2216289911908533
ast,clean,KNN,emo_mix,pmemo,cross-domain,-0.08615979179282669
ast,clean,KNN,emo_mix,soundtracks,cross-domain,0.150768976530285
ast,clean,ElasticNet,deam,deam,within-corpus,0.7702274381293558
ast,clean,ElasticNet,deam,pmemo,same-domain,0.7063626206947838
ast,clean,ElasticNet,deam,soundtracks,same-domain,0.7004566232453866
ast,clean,ElasticNet,deam,emo_mix,cross-domain,0.18411443576708986
ast,clean,ElasticNet,pmemo,pmemo,within-corpus,0.7987771802725907
ast,clean,ElasticNet,pmemo,deam,same-domain,0.6550949275407809
ast,clean,ElasticNet,pmemo,soundtracks,same-domain,0.7185292813864135
ast,clean,ElasticNet,pmemo,emo_mix,cross-domain,0.1657754951725768
ast,clean,ElasticNet,soundtracks,soundtracks,within-corpus,0.8420279227168633
ast,clean,ElasticNet,soundtracks,deam,same-domain,0.5290211618621108
ast,clean,ElasticNet,soundtracks,pmemo,same-domain,0.5535393931167857
ast,clean,ElasticNet,soundtracks,emo_mix,cross-domain,0.14973511661428723
ast,clean,ElasticNet,emo_mix,emo_mix,within-corpus,0.7654469914686014
ast,clean,ElasticNet,emo_mix,deam,cross-domain,0.013510718292693385
ast,clean,ElasticNet,emo_mix,pmemo,cross-domain,0.025608455278159352
ast,clean,ElasticNet,emo_mix,soundtracks,cross-domain,0.05686388320279565
mert,published,RF,deam,deam,within-corpus,0.633093273557842
mert,published,RF,deam,pmemo,same-domain,0.501480064672218
mert,published,RF,deam,soundtracks,same-domain,0.639908795742056
mert,published,RF,deam,emo_mix,cross-domain,0.25789891511747476
mert,published,RF,pmemo,pmemo,within-corpus,0.696619220554232
mert,published,RF,pmemo,deam,same-domain,0.5291984439438638
mert,published,RF,pmemo,soundtracks,same-domain,0.5463371965811946
mert,published,RF,pmemo,emo_mix,cross-domain,0.20157804119915163
mert,published,RF,soundtracks,soundtracks,within-corpus,0.750403297142753
mert,published,RF,soundtracks,deam,same-domain,0.5204880569838706
mert,published,RF,soundtracks,pmemo,same-domain,0.454195512169309
mert,published,RF,soundtracks,emo_mix,cross-domain,0.22122799927080322
mert,published,RF,emo_mix,emo_mix,within-corpus,0.7380516074880289
mert,published,RF,emo_mix,deam,cross-domain,0.022505110559116172
mert,published,RF,emo_mix,pmemo,cross-domain,-0.06889838950839987
mert,published,RF,emo_mix,soundtracks,cross-domain,-0.03229609017807457
mert,published,XGBoost,deam,deam,within-corpus,0.6601361970425308
mert,published,XGBoost,deam,pmemo,same-domain,0.5012368199871435
mert,published,XGBoost,deam,soundtracks,same-domain,0.598274090953618
mert,published,XGBoost,deam,emo_mix,cross-domain,0.27844614424501674
mert,published,XGBoost,pmemo,pmemo,within-corpus,0.7352386107235585
mert,published,XGBoost,pmemo,deam,same-domain,0.5256434374657569
mert,published,XGBoost,pmemo,soundtracks,same-domain,0.5231290209180454
mert,published,XGBoost,pmemo,emo_mix,cross-domain,-0.028227610127321258
mert,published,XGBoost,soundtracks,soundtracks,within-corpus,0.753175918298393
mert,published,XGBoost,soundtracks,deam,same-domain,0.5197337860787259
mert,published,XGBoost,soundtracks,pmemo,same-domain,0.436404882456268
mert,published,XGBoost,soundtracks,emo_mix,cross-domain,0.2224646053596666
mert,published,XGBoost,emo_mix,emo_mix,within-corpus,0.7551914522656881
mert,published,XGBoost,emo_mix,deam,cross-domain,0.034557333788418076
mert,published,XGBoost,emo_mix,pmemo,cross-domain,-0.14364782314200386
mert,published,XGBoost,emo_mix,soundtracks,cross-domain,-0.10037871408342706
mert,published,GBDT,deam,deam,within-corpus,0.657485904839067
mert,published,GBDT,deam,pmemo,same-domain,0.4972179912160341
mert,published,GBDT,deam,soundtracks,same-domain,0.602932217991419
mert,published,GBDT,deam,emo_mix,cross-domain,0.05025738855477513
mert,published,GBDT,pmemo,pmemo,within-corpus,0.7287433266917309
mert,published,GBDT,pmemo,deam,same-domain,0.5403200483019132
mert,published,GBDT,pmemo,soundtracks,same-domain,0.5609074474664587
mert,published,GBDT,pmemo,emo_mix,cross-domain,0.007220573343429181
mert,published,GBDT,soundtracks,soundtracks,within-corpus,0.7381501460698299
mert,published,GBDT,soundtracks,deam,same-domain,0.5218502470103704
mert,published,GBDT,soundtracks,pmemo,same-domain,0.45951796312546156
mert,published,GBDT,soundtracks,emo_mix,cross-domain,0.2210230693337317
mert,published,GBDT,emo_mix,emo_mix,within-corpus,0.7412467093815638
mert,published,GBDT,emo_mix,deam,cross-domain,0.0794861271961609
mert,published,GBDT,emo_mix,pmemo,cross-domain,-0.0038594905086469073
mert,published,GBDT,emo_mix,soundtracks,cross-domain,0.0008480081036504798
mert,published,SVR,deam,deam,within-corpus,0.686946065014822
mert,published,SVR,deam,pmemo,same-domain,0.5554329922121124
mert,published,SVR,deam,soundtracks,same-domain,0.6253932408836335
mert,published,SVR,deam,emo_mix,cross-domain,0.31299659819576964
mert,published,SVR,pmemo,pmemo,within-corpus,0.7425200765180782
mert,published,SVR,pmemo,deam,same-domain,0.5339497234767703
mert,published,SVR,pmemo,soundtracks,same-domain,0.5030865963809179
mert,published,SVR,pmemo,emo_mix,cross-domain,-0.06643266399576023
mert,published,SVR,soundtracks,soundtracks,within-corpus,0.78513200765457
mert,published,SVR,soundtracks,deam,same-domain,0.5246602249956286
mert,published,SVR,soundtracks,pmemo,same-domain,0.435113851480288
mert,published,SVR,soundtracks,emo_mix,cross-domain,0.2657452998918899
mert,published,SVR,emo_mix,emo_mix,within-corpus,0.7799342087768638
mert,published,SVR,emo_mix,deam,cross-domain,0.11706624022039329
mert,published,SVR,emo_mix,pmemo,cross-domain,-0.14631356314666452
mert,published,SVR,emo_mix,soundtracks,cross-domain,-0.15346412428555192
mert,published,KNN,deam,deam,within-corpus,0.5088399183322796
mert,published,KNN,deam,pmemo,same-domain,0.3221754183032592
mert,published,KNN,deam,soundtracks,same-domain,0.5034971585051542
mert,published,KNN,deam,emo_mix,cross-domain,0.07107411378773243
mert,published,KNN,pmemo,pmemo,within-corpus,0.5108171107417849
mert,published,KNN,pmemo,deam,same-domain,0.44411790360555725
mert,published,KNN,pmemo,soundtracks,same-domain,0.43879586800248505
mert,published,KNN,pmemo,emo_mix,cross-domain,0.040757724637898875
mert,published,KNN,soundtracks,soundtracks,within-corpus,0.6694083906034963
mert,published,KNN,soundtracks,deam,same-domain,0.47213807597898105
mert,published,KNN,soundtracks,pmemo,same-domain,0.24999798137185805
mert,published,KNN,soundtracks,emo_mix,cross-domain,0.1474143803224215
mert,published,KNN,emo_mix,emo_mix,within-corpus,0.7044160214923204
mert,published,KNN,emo_mix,deam,cross-domain,-0.01623071234367308
mert,published,KNN,emo_mix,pmemo,cross-domain,-0.31282521959744714
mert,published,KNN,emo_mix,soundtracks,cross-domain,-0.09346618933592334
mert,published,ElasticNet,deam,deam,within-corpus,0.7062525806147008
mert,published,ElasticNet,deam,pmemo,same-domain,0.6163604440239455
mert,published,ElasticNet,deam,soundtracks,same-domain,0.7034990066876399
mert,published,ElasticNet,deam,emo_mix,cross-domain,0.10208663531458227
mert,published,ElasticNet,pmemo,pmemo,within-corpus,0.7742789086098507
mert,published,ElasticNet,pmemo,deam,same-domain,0.5974905965555803
mert,published,ElasticNet,pmemo,soundtracks,same-domain,0.558843386479949
mert,published,ElasticNet,pmemo,emo_mix,cross-domain,-0.0765458664538311
mert,published,ElasticNet,soundtracks,soundtracks,within-corpus,0.7967953351299146
mert,published,ElasticNet,soundtracks,deam,same-domain,0.5531485930072874
mert,published,ElasticNet,soundtracks,pmemo,same-domain,0.5082250287466419
mert,published,ElasticNet,soundtracks,emo_mix,cross-domain,0.1928018047588952
mert,published,ElasticNet,emo_mix,emo_mix,within-corpus,0.7699016654797234
mert,published,ElasticNet,emo_mix,deam,cross-domain,0.16954212702129762
mert,published,ElasticNet,emo_mix,pmemo,cross-domain,-0.14338257873314786
mert,published,ElasticNet,emo_mix,soundtracks,cross-domain,0.0648044396660738
mert,clean,RF,deam,deam,within-corpus,0.6330923200520474
mert,clean,RF,deam,pmemo,same-domain,0.5014689119312704
mert,clean,RF,deam,soundtracks,same-domain,0.639908795742056
mert,clean,RF,deam,emo_mix,cross-domain,0.26896378610623045
mert,clean,RF,pmemo,pmemo,within-corpus,0.696619220554232
mert,clean,RF,pmemo,deam,same-domain,0.5291984439438638
mert,clean,RF,pmemo,soundtracks,same-domain,0.5463371965811946
mert,clean,RF,pmemo,emo_mix,cross-domain,0.27086029145332197
mert,clean,RF,soundtracks,soundtracks,within-corpus,0.750403297142753
mert,clean,RF,soundtracks,deam,same-domain,0.5204880569838706
mert,clean,RF,soundtracks,pmemo,same-domain,0.454195512169309
mert,clean,RF,soundtracks,emo_mix,cross-domain,0.1247641017654537
mert,clean,RF,emo_mix,emo_mix,within-corpus,0.5902121918482636
mert,clean,RF,emo_mix,deam,cross-domain,0.08971909919635994
mert,clean,RF,emo_mix,pmemo,cross-domain,-0.15766273851750537
mert,clean,RF,emo_mix,soundtracks,cross-domain,-0.20120767518790644
mert,clean,XGBoost,deam,deam,within-corpus,0.6601361970425308
mert,clean,XGBoost,deam,pmemo,same-domain,0.5012368199871435
mert,clean,XGBoost,deam,soundtracks,same-domain,0.598274090953618
mert,clean,XGBoost,deam,emo_mix,cross-domain,0.2680475890786194
mert,clean,XGBoost,pmemo,pmemo,within-corpus,0.7352386107235585
mert,clean,XGBoost,pmemo,deam,same-domain,0.5256434374657569
mert,clean,XGBoost,pmemo,soundtracks,same-domain,0.5231290209180454
mert,clean,XGBoost,pmemo,emo_mix,cross-domain,0.11333704176971507
mert,clean,XGBoost,soundtracks,soundtracks,within-corpus,0.753175918298393
mert,clean,XGBoost,soundtracks,deam,same-domain,0.5197337860787259
mert,clean,XGBoost,soundtracks,pmemo,same-domain,0.436404882456268
mert,clean,XGBoost,soundtracks,emo_mix,cross-domain,0.1105077560149233
mert,clean,XGBoost,emo_mix,emo_mix,within-corpus,0.6081733258220164
mert,clean,XGBoost,emo_mix,deam,cross-domain,0.19363632177821513
mert,clean,XGBoost,emo_mix,pmemo,cross-domain,-0.12777905438118495
mert,clean,XGBoost,emo_mix,soundtracks,cross-domain,-0.09047070678015644
mert,clean,GBDT,deam,deam,within-corpus,0.657485904839067
mert,clean,GBDT,deam,pmemo,same-domain,0.4972179912160341
mert,clean,GBDT,deam,soundtracks,same-domain,0.602932217991419
mert,clean,GBDT,deam,emo_mix,cross-domain,0.19667777674428735
mert,clean,GBDT,pmemo,pmemo,within-corpus,0.7287433266917309
mert,clean,GBDT,pmemo,deam,same-domain,0.5403200483019132
mert,clean,GBDT,pmemo,soundtracks,same-domain,0.5609074474664587
mert,clean,GBDT,pmemo,emo_mix,cross-domain,0.07494729464306689
mert,clean,GBDT,soundtracks,soundtracks,within-corpus,0.7381501460698299
mert,clean,GBDT,soundtracks,deam,same-domain,0.5218502470103704
mert,clean,GBDT,soundtracks,pmemo,same-domain,0.45951796312546156
mert,clean,GBDT,soundtracks,emo_mix,cross-domain,0.10490743466957282
mert,clean,GBDT,emo_mix,emo_mix,within-corpus,0.565514594436982
mert,clean,GBDT,emo_mix,deam,cross-domain,0.10995863490929778
mert,clean,GBDT,emo_mix,pmemo,cross-domain,-0.044450687519595966
mert,clean,GBDT,emo_mix,soundtracks,cross-domain,-0.03109753260803338
mert,clean,SVR,deam,deam,within-corpus,0.686946065014822
mert,clean,SVR,deam,pmemo,same-domain,0.5554329922121124
mert,clean,SVR,deam,soundtracks,same-domain,0.6253932408836335
mert,clean,SVR,deam,emo_mix,cross-domain,0.33593414159209395
mert,clean,SVR,pmemo,pmemo,within-corpus,0.7425200765180782
mert,clean,SVR,pmemo,deam,same-domain,0.5339497234767703
mert,clean,SVR,pmemo,soundtracks,same-domain,0.5030865963809179
mert,clean,SVR,pmemo,emo_mix,cross-domain,0.09243123282694818
mert,clean,SVR,soundtracks,soundtracks,within-corpus,0.78513200765457
mert,clean,SVR,soundtracks,deam,same-domain,0.5246602249956286
mert,clean,SVR,soundtracks,pmemo,same-domain,0.435113851480288
mert,clean,SVR,soundtracks,emo_mix,cross-domain,0.11097356288379544
mert,clean,SVR,emo_mix,emo_mix,within-corpus,0.6705997796077124
mert,clean,SVR,emo_mix,deam,cross-domain,0.23698351325762596
mert,clean,SVR,emo_mix,pmemo,cross-domain,-0.05523866863754153
mert,clean,SVR,emo_mix,soundtracks,cross-domain,-0.07566414052984294
mert,clean,KNN,deam,deam,within-corpus,0.5088399183322796
mert,clean,KNN,deam,pmemo,same-domain,0.3221754183032592
mert,clean,KNN,deam,soundtracks,same-domain,0.5034971585051542
mert,clean,KNN,deam,emo_mix,cross-domain,0.07879591240420206
mert,clean,KNN,pmemo,pmemo,within-corpus,0.5108171107417849
mert,clean,KNN,pmemo,deam,same-domain,0.44411790360555725
mert,clean,KNN,pmemo,soundtracks,same-domain,0.43879586800248505
mert,clean,KNN,pmemo,emo_mix,cross-domain,0.012754063970801158
mert,clean,KNN,soundtracks,soundtracks,within-corpus,0.6694083906034963
mert,clean,KNN,soundtracks,deam,same-domain,0.47213807597898105
mert,clean,KNN,soundtracks,pmemo,same-domain,0.24999798137185805
mert,clean,KNN,soundtracks,emo_mix,cross-domain,0.04554470661752621
mert,clean,KNN,emo_mix,emo_mix,within-corpus,0.49962810305614497
mert,clean,KNN,emo_mix,deam,cross-domain,0.03950334915058308
mert,clean,KNN,emo_mix,pmemo,cross-domain,-0.22579568809013442
mert,clean,KNN,emo_mix,soundtracks,cross-domain,-0.12448378152688701
mert,clean,ElasticNet,deam,deam,within-corpus,0.7062525806147008
mert,clean,ElasticNet,deam,pmemo,same-domain,0.6163604440239455
mert,clean,ElasticNet,deam,soundtracks,same-domain,0.7034990066876399
mert,clean,ElasticNet,deam,emo_mix,cross-domain,0.21239079326848675
mert,clean,ElasticNet,pmemo,pmemo,within-corpus,0.7742789086098507
mert,clean,ElasticNet,pmemo,deam,same-domain,0.5974905965555803
mert,clean,ElasticNet,pmemo,soundtracks,same-domain,0.558843386479949
mert,clean,ElasticNet,pmemo,emo_mix,cross-domain,0.08112750651227536
mert,clean,ElasticNet,soundtracks,soundtracks,within-corpus,0.7967953351299146
mert,clean,ElasticNet,soundtracks,deam,same-domain,0.5531485930072874
mert,clean,ElasticNet,soundtracks,pmemo,same-domain,0.5082250287466419
mert,clean,ElasticNet,soundtracks,emo_mix,cross-domain,0.10973019826708687
mert,clean,ElasticNet,emo_mix,emo_mix,within-corpus,0.6170553508643924
mert,clean,ElasticNet,emo_mix,deam,cross-domain,0.15566404434544112
mert,clean,ElasticNet,emo_mix,pmemo,cross-domain,-0.17145680828034573
mert,clean,ElasticNet,emo_mix,soundtracks,cross-domain,0.07629242808721991
w2v2,published,RF,deam,deam,within-corpus,0.4692100559402965
w2v2,published,RF,deam,pmemo,same-domain,0.44167370235535003
w2v2,published,RF,deam,soundtracks,same-domain,0.3689850236307045
w2v2,published,RF,deam,emo_mix,cross-domain,0.02449535647903308
w2v2,published,RF,pmemo,pmemo,within-corpus,0.6114189639109716
w2v2,published,RF,pmemo,deam,same-domain,0.3665775864561458
w2v2,published,RF,pmemo,soundtracks,same-domain,0.2862705293192069
w2v2,published,RF,pmemo,emo_mix,cross-domain,-0.058382309577195056
w2v2,published,RF,soundtracks,soundtracks,within-corpus,0.5159994236606855
w2v2,published,RF,soundtracks,deam,same-domain,0.2944803875424442
w2v2,published,RF,soundtracks,pmemo,same-domain,0.42088144299735214
w2v2,published,RF,soundtracks,emo_mix,cross-domain,0.1466919552674572
w2v2,published,RF,emo_mix,emo_mix,within-corpus,0.5365268235900678
w2v2,published,RF,emo_mix,deam,cross-domain,0.014279845648313055
w2v2,published,RF,emo_mix,pmemo,cross-domain,-0.312257598218463
w2v2,published,RF,emo_mix,soundtracks,cross-domain,0.16930342856015337
w2v2,published,XGBoost,deam,deam,within-corpus,0.4553497217420137
w2v2,published,XGBoost,deam,pmemo,same-domain,0.3601031927965381
w2v2,published,XGBoost,deam,soundtracks,same-domain,0.37471293759052576
w2v2,published,XGBoost,deam,emo_mix,cross-domain,0.018806382789047546
w2v2,published,XGBoost,pmemo,pmemo,within-corpus,0.6231920549379747
w2v2,published,XGBoost,pmemo,deam,same-domain,0.375519381335361
w2v2,published,XGBoost,pmemo,soundtracks,same-domain,0.2758079463280058
w2v2,published,XGBoost,pmemo,emo_mix,cross-domain,-0.017226165174241907
w2v2,published,XGBoost,soundtracks,soundtracks,within-corpus,0.49697738751526843
w2v2,published,XGBoost,soundtracks,deam,same-domain,0.31974233133186436
w2v2,published,XGBoost,soundtracks,pmemo,same-domain,0.4358206718946988
w2v2,published,XGBoost,soundtracks,emo_mix,cross-domain,0.10590461096281072
w2v2,published,XGBoost,emo_mix,emo_mix,within-corpus,0.5548955229381872
w2v2,published,XGBoost,emo_mix,deam,cross-domain,0.011283182318387272
w2v2,published,XGBoost,emo_mix,pmemo,cross-domain,-0.33343369247944826
w2v2,published,XGBoost,emo_mix,soundtracks,cross-domain,0.12725846124024864
w2v2,published,GBDT,deam,deam,within-corpus,0.4441880134441385
w2v2,published,GBDT,deam,pmemo,same-domain,0.3970179996908741
w2v2,published,GBDT,deam,soundtracks,same-domain,0.39987891594321634
w2v2,published,GBDT,deam,emo_mix,cross-domain,-0.012029033243776048
w2v2,published,GBDT,pmemo,pmemo,within-corpus,0.5858825063990781
w2v2,published,GBDT,pmemo,deam,same-domain,0.38532144889253866
w2v2,published,GBDT,pmemo,soundtracks,same-domain,0.29906822200359107
w2v2,published,GBDT,pmemo,emo_mix,cross-domain,-0.030163840126678283
w2v2,published,GBDT,soundtracks,soundtracks,within-corpus,0.4909125601416941
w2v2,published,GBDT,soundtracks,deam,same-domain,0.33137468622548805
w2v2,published,GBDT,soundtracks,pmemo,same-domain,0.3860975018760081
w2v2,published,GBDT,soundtracks,emo_mix,cross-domain,0.05286589281362643
w2v2,published,GBDT,emo_mix,emo_mix,within-corpus,0.5056390512734549
w2v2,published,GBDT,emo_mix,deam,cross-domain,0.04964463701489555
w2v2,published,GBDT,emo_mix,pmemo,cross-domain,-0.37606950365295816
w2v2,published,GBDT,emo_mix,soundtracks,cross-domain,0.1956482822559648
w2v2,published,SVR,deam,deam,within-corpus,0.4066519552029177
w2v2,published,SVR,deam,pmemo,same-domain,0.2717176855129756
w2v2,published,SVR,deam,soundtracks,same-domain,0.3657935441034799
w2v2,published,SVR,deam,emo_mix,cross-domain,0.05792662717208484
w2v2,published,SVR,pmemo,pmemo,within-corpus,0.5900261321908056
w2v2,published,SVR,pmemo,deam,same-domain,0.2958050145046553
w2v2,published,SVR,pmemo,soundtracks,same-domain,0.2602858732402373
w2v2,published,SVR,pmemo,emo_mix,cross-domain,0.07674987600582826
w2v2,published,SVR,soundtracks,soundtracks,within-corpus,0.4515860556928971
w2v2,published,SVR,soundtracks,deam,same-domain,0.348132232421174
w2v2,published,SVR,soundtracks,pmemo,same-domain,0.30999176299020814
w2v2,published,SVR,soundtracks,emo_mix,cross-domain,0.13371547480813673
w2v2,published,SVR,emo_mix,emo_mix,within-corpus,0.5577799695679673
w2v2,published,SVR,emo_mix,deam,cross-domain,0.03192966448442816
w2v2,published,SVR,emo_mix,pmemo,cross-domain,0.08469032271644687
w2v2,published,SVR,emo_mix,soundtracks,cross-domain,0.05912000670428565
w2v2,published,KNN,deam,deam,within-corpus,0.36966935138736157
w2v2,published,KNN,deam,pmemo,same-domain,0.27002256953548653
w2v2,published,KNN,deam,soundtracks,same-domain,0.34077758365057503
w2v2,published,KNN,deam,emo_mix,cross-domain,-0.04603669373301113
w2v2,published,KNN,pmemo,pmemo,within-corpus,0.5391893074716922
w2v2,published,KNN,pmemo,deam,same-domain,0.2521599907985625
w2v2,published,KNN,pmemo,soundtracks,same-domain,0.16553115499923773
w2v2,published,KNN,pmemo,emo_mix,cross-domain,0.0067310113036784976
w2v2,published,KNN,soundtracks,soundtracks,within-corpus,0.40301433212785376
w2v2,published,KNN,soundtracks,deam,same-domain,0.2643943613834137
w2v2,published,KNN,soundtracks,pmemo,same-domain,0.14418578481771271
w2v2,published,KNN,soundtracks,emo_mix,cross-domain,0.07831619920187796
w2v2,published,KNN,emo_mix,emo_mix,within-corpus,0.5111387472549778
w2v2,published,KNN,emo_mix,deam,cross-domain,0.06514315927399959
w2v2,published,KNN,emo_mix,pmemo,cross-domain,-0.14326669382731202
w2v2,published,KNN,emo_mix,soundtracks,cross-domain,0.10161583913822142
w2v2,published,ElasticNet,deam,deam,within-corpus,0.4648324273405699
w2v2,published,ElasticNet,deam,pmemo,same-domain,0.5038049195594584
w2v2,published,ElasticNet,deam,soundtracks,same-domain,0.4131213240423941
w2v2,published,ElasticNet,deam,emo_mix,cross-domain,0.00018951019964051692
w2v2,published,ElasticNet,pmemo,pmemo,within-corpus,0.6086518847982744
w2v2,published,ElasticNet,pmemo,deam,same-domain,0.4296040937433726
w2v2,published,ElasticNet,pmemo,soundtracks,same-domain,0.3957537527363352
w2v2,published,ElasticNet,pmemo,emo_mix,cross-domain,0.15988980451867593
w2v2,published,ElasticNet,soundtracks,soundtracks,within-corpus,0.5104912302471378
w2v2,published,ElasticNet,soundtracks,deam,same-domain,0.34345469662497585
w2v2,published,ElasticNet,soundtracks,pmemo,same-domain,0.377812888387399
w2v2,published,ElasticNet,soundtracks,emo_mix,cross-domain,0.13342020976814475
w2v2,published,ElasticNet,emo_mix,emo_mix,within-corpus,0.5195152508477717
w2v2,published,ElasticNet,emo_mix,deam,cross-domain,0.11569199352620015
w2v2,published,ElasticNet,emo_mix,pmemo,cross-domain,-0.24447734280351838
w2v2,published,ElasticNet,emo_mix,soundtracks,cross-domain,0.18967324700258895
w2v2,clean,RF,deam,deam,within-corpus,0.46921230755418436
w2v2,clean,RF,deam,pmemo,same-domain,0.44167370235535003
w2v2,clean,RF,deam,soundtracks,same-domain,0.3689850236307045
w2v2,clean,RF,deam,emo_mix,cross-domain,-0.040973198854991254
w2v2,clean,RF,pmemo,pmemo,within-corpus,0.6114189639109716
w2v2,clean,RF,pmemo,deam,same-domain,0.3665775864561458
w2v2,clean,RF,pmemo,soundtracks,same-domain,0.2862705293192069
w2v2,clean,RF,pmemo,emo_mix,cross-domain,-0.055164322199408464
w2v2,clean,RF,soundtracks,soundtracks,within-corpus,0.5159994236606855
w2v2,clean,RF,soundtracks,deam,same-domain,0.29448314897052624
w2v2,clean,RF,soundtracks,pmemo,same-domain,0.42088144299735214
w2v2,clean,RF,soundtracks,emo_mix,cross-domain,0.0032598147916974665
w2v2,clean,RF,emo_mix,emo_mix,within-corpus,0.2658398884096856
w2v2,clean,RF,emo_mix,deam,cross-domain,-0.05550659973964766
w2v2,clean,RF,emo_mix,pmemo,cross-domain,-0.31987626923285634
w2v2,clean,RF,emo_mix,soundtracks,cross-domain,0.1529920081234771
w2v2,clean,XGBoost,deam,deam,within-corpus,0.4553497217420137
w2v2,clean,XGBoost,deam,pmemo,same-domain,0.3601031927965381
w2v2,clean,XGBoost,deam,soundtracks,same-domain,0.37471293759052576
w2v2,clean,XGBoost,deam,emo_mix,cross-domain,-0.04288214868161368
w2v2,clean,XGBoost,pmemo,pmemo,within-corpus,0.6231920549379747
w2v2,clean,XGBoost,pmemo,deam,same-domain,0.375519381335361
w2v2,clean,XGBoost,pmemo,soundtracks,same-domain,0.2758079463280058
w2v2,clean,XGBoost,pmemo,emo_mix,cross-domain,-0.06197578584839626
w2v2,clean,XGBoost,soundtracks,soundtracks,within-corpus,0.49697738751526843
w2v2,clean,XGBoost,soundtracks,deam,same-domain,0.31974233133186436
w2v2,clean,XGBoost,soundtracks,pmemo,same-domain,0.4358206718946988
w2v2,clean,XGBoost,soundtracks,emo_mix,cross-domain,-0.01979869471020871
w2v2,clean,XGBoost,emo_mix,emo_mix,within-corpus,0.2299881484388076
w2v2,clean,XGBoost,emo_mix,deam,cross-domain,-0.03859478176202726
w2v2,clean,XGBoost,emo_mix,pmemo,cross-domain,-0.2859488294437098
w2v2,clean,XGBoost,emo_mix,soundtracks,cross-domain,0.14006657392712007
w2v2,clean,GBDT,deam,deam,within-corpus,0.4441880134441385
w2v2,clean,GBDT,deam,pmemo,same-domain,0.3970179996908741
w2v2,clean,GBDT,deam,soundtracks,same-domain,0.39987891594321634
w2v2,clean,GBDT,deam,emo_mix,cross-domain,-0.041233088476624484
w2v2,clean,GBDT,pmemo,pmemo,within-corpus,0.5858825063990781
w2v2,clean,GBDT,pmemo,deam,same-domain,0.38532144889253866
w2v2,clean,GBDT,pmemo,soundtracks,same-domain,0.29906822200359107
w2v2,clean,GBDT,pmemo,emo_mix,cross-domain,-0.06403276387015373
w2v2,clean,GBDT,soundtracks,soundtracks,within-corpus,0.4909125601416941
w2v2,clean,GBDT,soundtracks,deam,same-domain,0.33137468622548805
w2v2,clean,GBDT,soundtracks,pmemo,same-domain,0.3860975018760081
w2v2,clean,GBDT,soundtracks,emo_mix,cross-domain,-0.08503179529797848
w2v2,clean,GBDT,emo_mix,emo_mix,within-corpus,0.21446532689529682
w2v2,clean,GBDT,emo_mix,deam,cross-domain,-0.12313571506041561
w2v2,clean,GBDT,emo_mix,pmemo,cross-domain,-0.3454622561264506
w2v2,clean,GBDT,emo_mix,soundtracks,cross-domain,0.11053036934609001
w2v2,clean,SVR,deam,deam,within-corpus,0.4066519552029177
w2v2,clean,SVR,deam,pmemo,same-domain,0.2717176855129756
w2v2,clean,SVR,deam,soundtracks,same-domain,0.3657935441034799
w2v2,clean,SVR,deam,emo_mix,cross-domain,-0.053926263153214214
w2v2,clean,SVR,pmemo,pmemo,within-corpus,0.5900261321908056
w2v2,clean,SVR,pmemo,deam,same-domain,0.2958050145046553
w2v2,clean,SVR,pmemo,soundtracks,same-domain,0.2602858732402373
w2v2,clean,SVR,pmemo,emo_mix,cross-domain,-0.014751236034734943
w2v2,clean,SVR,soundtracks,soundtracks,within-corpus,0.4515860556928971
w2v2,clean,SVR,soundtracks,deam,same-domain,0.348132232421174
w2v2,clean,SVR,soundtracks,pmemo,same-domain,0.30999176299020814
w2v2,clean,SVR,soundtracks,emo_mix,cross-domain,0.01809207878738882
w2v2,clean,SVR,emo_mix,emo_mix,within-corpus,0.2827194637784884
w2v2,clean,SVR,emo_mix,deam,cross-domain,-0.03344580535945663
w2v2,clean,SVR,emo_mix,pmemo,cross-domain,0.06021083963311024
w2v2,clean,SVR,emo_mix,soundtracks,cross-domain,0.037251122965758006
w2v2,clean,KNN,deam,deam,within-corpus,0.36966935138736157
w2v2,clean,KNN,deam,pmemo,same-domain,0.27002256953548653
w2v2,clean,KNN,deam,soundtracks,same-domain,0.34077758365057503
w2v2,clean,KNN,deam,emo_mix,cross-domain,-0.13994930446626697
w2v2,clean,KNN,pmemo,pmemo,within-corpus,0.5391893074716922
w2v2,clean,KNN,pmemo,deam,same-domain,0.2521599907985625
w2v2,clean,KNN,pmemo,soundtracks,same-domain,0.16553115499923773
w2v2,clean,KNN,pmemo,emo_mix,cross-domain,-0.1018344311017735
w2v2,clean,KNN,soundtracks,soundtracks,within-corpus,0.40301433212785376
w2v2,clean,KNN,soundtracks,deam,same-domain,0.2643943613834137
w2v2,clean,KNN,soundtracks,pmemo,same-domain,0.14418578481771271
w2v2,clean,KNN,soundtracks,emo_mix,cross-domain,-0.03540313559886792
w2v2,clean,KNN,emo_mix,emo_mix,within-corpus,0.21780131402057357
w2v2,clean,KNN,emo_mix,deam,cross-domain,-0.002654106477393351
w2v2,clean,KNN,emo_mix,pmemo,cross-domain,-0.2888187625317135
w2v2,clean,KNN,emo_mix,soundtracks,cross-domain,0.08218336845992666
w2v2,clean,ElasticNet,deam,deam,within-corpus,0.4648324273405699
w2v2,clean,ElasticNet,deam,pmemo,same-domain,0.5038049195594584
w2v2,clean,ElasticNet,deam,soundtracks,same-domain,0.4131213240423941
w2v2,clean,ElasticNet,deam,emo_mix,cross-domain,-0.0069048528011822095
w2v2,clean,ElasticNet,pmemo,pmemo,within-corpus,0.6086518847982744
w2v2,clean,ElasticNet,pmemo,deam,same-domain,0.4296040937433726
w2v2,clean,ElasticNet,pmemo,soundtracks,same-domain,0.3957537527363352
w2v2,clean,ElasticNet,pmemo,emo_mix,cross-domain,0.05284064898127425
w2v2,clean,ElasticNet,soundtracks,soundtracks,within-corpus,0.5104912302471378
w2v2,clean,ElasticNet,soundtracks,deam,same-domain,0.34345469662497585
w2v2,clean,ElasticNet,soundtracks,pmemo,same-domain,0.377812888387399
w2v2,clean,ElasticNet,soundtracks,emo_mix,cross-domain,0.053494650825196124
w2v2,clean,ElasticNet,emo_mix,emo_mix,within-corpus,0.3527856891040959
w2v2,clean,ElasticNet,emo_mix,deam,cross-domain,0.06861806515798632
w2v2,clean,ElasticNet,emo_mix,pmemo,cross-domain,0.018802276103657055
w2v2,clean,ElasticNet,emo_mix,soundtracks,cross-domain,0.1335381207638679
clap,published,RF,deam,deam,within-corpus,0.7530560651223771
clap,published,RF,deam,pmemo,same-domain,0.6474341994927494
clap,published,RF,deam,soundtracks,same-domain,0.7368593521814761
clap,published,RF,deam,emo_mix,cross-domain,0.12619202565438023
clap,published,RF,pmemo,pmemo,within-corpus,0.7957455440852775
clap,published,RF,pmemo,deam,same-domain,0.6486884208040964
clap,published,RF,pmemo,soundtracks,same-domain,0.683599632061201
clap,published,RF,pmemo,emo_mix,cross-domain,-0.005741605700302212
clap,published,RF,soundtracks,soundtracks,within-corpus,0.8227859087411609
clap,published,RF,soundtracks,deam,same-domain,0.6015563151493926
clap,published,RF,soundtracks,pmemo,same-domain,0.5400664185947404
clap,published,RF,soundtracks,emo_mix,cross-domain,0.41126347681059955
clap,published,RF,emo_mix,emo_mix,within-corpus,0.7785315872173091
clap,published,RF,emo_mix,deam,cross-domain,0.4759982881859427
clap,published,RF,emo_mix,pmemo,cross-domain,0.5042794300117746
clap,published,RF,emo_mix,soundtracks,cross-domain,0.624708608127622
clap,published,XGBoost,deam,deam,within-corpus,0.760220429386469
clap,published,XGBoost,deam,pmemo,same-domain,0.6439297042222536
clap,published,XGBoost,deam,soundtracks,same-domain,0.7061981732578454
clap,published,XGBoost,deam,emo_mix,cross-domain,0.15505384188092175
clap,published,XGBoost,pmemo,pmemo,within-corpus,0.7862031239378314
clap,published,XGBoost,pmemo,deam,same-domain,0.6525870289764484
clap,published,XGBoost,pmemo,soundtracks,same-domain,0.6968905381966465
clap,published,XGBoost,pmemo,emo_mix,cross-domain,0.1403916415930069
clap,published,XGBoost,soundtracks,soundtracks,within-corpus,0.8259929539511132
clap,published,XGBoost,soundtracks,deam,same-domain,0.5995526613561661
clap,published,XGBoost,soundtracks,pmemo,same-domain,0.5287744791461038
clap,published,XGBoost,soundtracks,emo_mix,cross-domain,0.3949546429128212
clap,published,XGBoost,emo_mix,emo_mix,within-corpus,0.8154636833380172
clap,published,XGBoost,emo_mix,deam,cross-domain,0.41218346543355766
clap,published,XGBoost,emo_mix,pmemo,cross-domain,0.4625120870274587
clap,published,XGBoost,emo_mix,soundtracks,cross-domain,0.49088824680255727
clap,published,GBDT,deam,deam,within-corpus,0.7461214356660615
clap,published,GBDT,deam,pmemo,same-domain,0.6264424302637179
clap,published,GBDT,deam,soundtracks,same-domain,0.6838946081809932
clap,published,GBDT,deam,emo_mix,cross-domain,0.06565485020698851
clap,published,GBDT,pmemo,pmemo,within-corpus,0.7887188176586847
clap,published,GBDT,pmemo,deam,same-domain,0.642027382435913
clap,published,GBDT,pmemo,soundtracks,same-domain,0.6407452492394503
clap,published,GBDT,pmemo,emo_mix,cross-domain,0.13788611659508304
clap,published,GBDT,soundtracks,soundtracks,within-corpus,0.822294753562196
clap,published,GBDT,soundtracks,deam,same-domain,0.6080357043773909
clap,published,GBDT,soundtracks,pmemo,same-domain,0.3163292114118622
clap,published,GBDT,soundtracks,emo_mix,cross-domain,0.46302577288824
clap,published,GBDT,emo_mix,emo_mix,within-corpus,0.8075893597432082
clap,published,GBDT,emo_mix,deam,cross-domain,0.3126085460817655
clap,published,GBDT,emo_mix,pmemo,cross-domain,0.16303664828567938
clap,published,GBDT,emo_mix,soundtracks,cross-domain,0.5125549053076295
clap,published,SVR,deam,deam,within-corpus,0.7738233777761258
clap,published,SVR,deam,pmemo,same-domain,0.6397006879539371
clap,published,SVR,deam,soundtracks,same-domain,0.7137632237055659
clap,published,SVR,deam,emo_mix,cross-domain,0.31058754744251627
clap,published,SVR,pmemo,pmemo,within-corpus,0.7749790104135609
clap,published,SVR,pmemo,deam,same-domain,0.6036578755752131
clap,published,SVR,pmemo,soundtracks,same-domain,0.6145038237164748
clap,published,SVR,pmemo,emo_mix,cross-domain,0.31940373190133386
clap,published,SVR,soundtracks,soundtracks,within-corpus,0.8548810601058402
clap,published,SVR,soundtracks,deam,same-domain,0.5837562169960534
clap,published,SVR,soundtracks,pmemo,same-domain,0.49367173943107395
clap,published,SVR,soundtracks,emo_mix,cross-domain,0.4782491426572956
clap,published,SVR,emo_mix,emo_mix,within-corpus,0.8410407694961273
clap,published,SVR,emo_mix,deam,cross-domain,0.307373838943388
clap,published,SVR,emo_mix,pmemo,cross-domain,0.32235716439610657
clap,published,SVR,emo_mix,soundtracks,cross-domain,0.4941130446093397
clap,published,KNN,deam,deam,within-corpus,0.6927543513927753
clap,published,KNN,deam,pmemo,same-domain,0.4638261041025445
clap,published,KNN,deam,soundtracks,same-domain,0.5927538666508698
clap,published,KNN,deam,emo_mix,cross-domain,0.2908442928590665
clap,published,KNN,pmemo,pmemo,within-corpus,0.745275749436735
clap,published,KNN,pmemo,deam,same-domain,0.6144353756059253
clap,published,KNN,pmemo,soundtracks,same-domain,0.5927732444372955
clap,published,KNN,pmemo,emo_mix,cross-domain,0.16935116028717068
clap,published,KNN,soundtracks,soundtracks,within-corpus,0.7685730079610847
clap,published,KNN,soundtracks,deam,same-domain,0.5299539438563081
clap,published,KNN,soundtracks,pmemo,same-domain,0.29464574779974256
clap,published,KNN,soundtracks,emo_mix,cross-domain,0.33265371881531514
clap,published,KNN,emo_mix,emo_mix,within-corpus,0.76192037817061
clap,published,KNN,emo_mix,deam,cross-domain,0.4989257163377591
clap,published,KNN,emo_mix,pmemo,cross-domain,0.28835034551755323
clap,published,KNN,emo_mix,soundtracks,cross-domain,0.46028391561797893
clap,published,ElasticNet,deam,deam,within-corpus,0.7707345707939416
clap,published,ElasticNet,deam,pmemo,same-domain,0.6617119545049269
clap,published,ElasticNet,deam,soundtracks,same-domain,0.7355171014907161
clap,published,ElasticNet,deam,emo_mix,cross-domain,0.40222354174284874
clap,published,ElasticNet,pmemo,pmemo,within-corpus,0.8040979865436637
clap,published,ElasticNet,pmemo,deam,same-domain,0.6414734703792789
clap,published,ElasticNet,pmemo,soundtracks,same-domain,0.6577455476183365
clap,published,ElasticNet,pmemo,emo_mix,cross-domain,0.24674409529255412
clap,published,ElasticNet,soundtracks,soundtracks,within-corpus,0.8522417120684316
clap,published,ElasticNet,soundtracks,deam,same-domain,0.611205497241572
clap,published,ElasticNet,soundtracks,pmemo,same-domain,0.5095091010400192
clap,published,ElasticNet,soundtracks,emo_mix,cross-domain,0.34509678598406607
clap,published,ElasticNet,emo_mix,emo_mix,within-corpus,0.826923026108496
clap,published,ElasticNet,emo_mix,deam,cross-domain,0.34021203407610373
clap,published,ElasticNet,emo_mix,pmemo,cross-domain,0.2287687407742137
clap,published,ElasticNet,emo_mix,soundtracks,cross-domain,0.5943842139757384
clap,clean,RF,deam,deam,within-corpus,0.7530560651223771
clap,clean,RF,deam,pmemo,same-domain,0.647435162968926
clap,clean,RF,deam,soundtracks,same-domain,0.7368593521814761
clap,clean,RF,deam,emo_mix,cross-domain,0.24467530435780685
clap,clean,RF,pmemo,pmemo,within-corpus,0.7957455440852775
clap,clean,RF,pmemo,deam,same-domain,0.6486884208040964
clap,clean,RF,pmemo,soundtracks,same-domain,0.683599632061201
clap,clean,RF,pmemo,emo_mix,cross-domain,0.09726830202035161
clap,clean,RF,soundtracks,soundtracks,within-corpus,0.8227859087411609
clap,clean,RF,soundtracks,deam,same-domain,0.6015563151493926
clap,clean,RF,soundtracks,pmemo,same-domain,0.540063157911533
clap,clean,RF,soundtracks,emo_mix,cross-domain,0.35187224697136654
clap,clean,RF,emo_mix,emo_mix,within-corpus,0.7210790052644183
clap,clean,RF,emo_mix,deam,cross-domain,0.430949570359067
clap,clean,RF,emo_mix,pmemo,cross-domain,0.296471604288897
clap,clean,RF,emo_mix,soundtracks,cross-domain,0.5548500813292332
clap,clean,XGBoost,deam,deam,within-corpus,0.760220429386469
clap,clean,XGBoost,deam,pmemo,same-domain,0.6439297042222536
clap,clean,XGBoost,deam,soundtracks,same-domain,0.7061981732578454
clap,clean,XGBoost,deam,emo_mix,cross-domain,0.2704731792507695
clap,clean,XGBoost,pmemo,pmemo,within-corpus,0.7862031239378314
clap,clean,XGBoost,pmemo,deam,same-domain,0.6525870289764484
clap,clean,XGBoost,pmemo,soundtracks,same-domain,0.6968905381966465
clap,clean,XGBoost,pmemo,emo_mix,cross-domain,0.15123656529198282
clap,clean,XGBoost,soundtracks,soundtracks,within-corpus,0.8259929539511132
clap,clean,XGBoost,soundtracks,deam,same-domain,0.5995526613561661
clap,clean,XGBoost,soundtracks,pmemo,same-domain,0.5287744791461038
clap,clean,XGBoost,soundtracks,emo_mix,cross-domain,0.4199684618555247
clap,clean,XGBoost,emo_mix,emo_mix,within-corpus,0.7418932028377808
clap,clean,XGBoost,emo_mix,deam,cross-domain,0.4004029219039097
clap,clean,XGBoost,emo_mix,pmemo,cross-domain,0.18833843320974616
clap,clean,XGBoost,emo_mix,soundtracks,cross-domain,0.4514656467752671
clap,clean,GBDT,deam,deam,within-corpus,0.7461214356660615
clap,clean,GBDT,deam,pmemo,same-domain,0.6264424302637179
clap,clean,GBDT,deam,soundtracks,same-domain,0.6838946081809932
clap,clean,GBDT,deam,emo_mix,cross-domain,0.27527913724534553
clap,clean,GBDT,pmemo,pmemo,within-corpus,0.7887188176586847
clap,clean,GBDT,pmemo,deam,same-domain,0.642027382435913
clap,clean,GBDT,pmemo,soundtracks,same-domain,0.6407452492394503
clap,clean,GBDT,pmemo,emo_mix,cross-domain,0.22658205550218447
clap,clean,GBDT,soundtracks,soundtracks,within-corpus,0.822294753562196
clap,clean,GBDT,soundtracks,deam,same-domain,0.6080357043773909
clap,clean,GBDT,soundtracks,pmemo,same-domain,0.3163292114118622
clap,clean,GBDT,soundtracks,emo_mix,cross-domain,0.3991438475861262
clap,clean,GBDT,emo_mix,emo_mix,within-corpus,0.7350182112319017
clap,clean,GBDT,emo_mix,deam,cross-domain,0.3319154714935792
clap,clean,GBDT,emo_mix,pmemo,cross-domain,0.1873190849337658
clap,clean,GBDT,emo_mix,soundtracks,cross-domain,0.4771482514241136
clap,clean,SVR,deam,deam,within-corpus,0.7738233777761258
clap,clean,SVR,deam,pmemo,same-domain,0.6397006879539371
clap,clean,SVR,deam,soundtracks,same-domain,0.7137632237055659
clap,clean,SVR,deam,emo_mix,cross-domain,0.3000346514865871
clap,clean,SVR,pmemo,pmemo,within-corpus,0.7749790104135609
clap,clean,SVR,pmemo,deam,same-domain,0.6036578755752131
clap,clean,SVR,pmemo,soundtracks,same-domain,0.6145038237164748
clap,clean,SVR,pmemo,emo_mix,cross-domain,0.3052611384445989
clap,clean,SVR,soundtracks,soundtracks,within-corpus,0.8548810601058402
clap,clean,SVR,soundtracks,deam,same-domain,0.5837562169960534
clap,clean,SVR,soundtracks,pmemo,same-domain,0.49367173943107395
clap,clean,SVR,soundtracks,emo_mix,cross-domain,0.43083815916869916
clap,clean,SVR,emo_mix,emo_mix,within-corpus,0.778189332950481
clap,clean,SVR,emo_mix,deam,cross-domain,0.3604580979650998
clap,clean,SVR,emo_mix,pmemo,cross-domain,0.3870626917883849
clap,clean,SVR,emo_mix,soundtracks,cross-domain,0.536817173568065
clap,clean,KNN,deam,deam,within-corpus,0.6927543513927753
clap,clean,KNN,deam,pmemo,same-domain,0.4638261041025445
clap,clean,KNN,deam,soundtracks,same-domain,0.5927538666508698
clap,clean,KNN,deam,emo_mix,cross-domain,0.2449616610161934
clap,clean,KNN,pmemo,pmemo,within-corpus,0.745275749436735
clap,clean,KNN,pmemo,deam,same-domain,0.6144353756059253
clap,clean,KNN,pmemo,soundtracks,same-domain,0.5927732444372955
clap,clean,KNN,pmemo,emo_mix,cross-domain,0.243685343478266
clap,clean,KNN,soundtracks,soundtracks,within-corpus,0.7685730079610847
clap,clean,KNN,soundtracks,deam,same-domain,0.5299539438563081
clap,clean,KNN,soundtracks,pmemo,same-domain,0.29464574779974256
clap,clean,KNN,soundtracks,emo_mix,cross-domain,0.39848031403407647
clap,clean,KNN,emo_mix,emo_mix,within-corpus,0.6628186320278647
clap,clean,KNN,emo_mix,deam,cross-domain,0.4938074549343654
clap,clean,KNN,emo_mix,pmemo,cross-domain,0.31168775274690225
clap,clean,KNN,emo_mix,soundtracks,cross-domain,0.4770408347650248
clap,clean,ElasticNet,deam,deam,within-corpus,0.7707345707939416
clap,clean,ElasticNet,deam,pmemo,same-domain,0.6617119545049269
clap,clean,ElasticNet,deam,soundtracks,same-domain,0.7355171014907161
clap,clean,ElasticNet,deam,emo_mix,cross-domain,0.33878137184192364
clap,clean,ElasticNet,pmemo,pmemo,within-corpus,0.8040979865436637
clap,clean,ElasticNet,pmemo,deam,same-domain,0.6414734703792789
clap,clean,ElasticNet,pmemo,soundtracks,same-domain,0.6577455476183365
clap,clean,ElasticNet,pmemo,emo_mix,cross-domain,0.2562177501694903
clap,clean,ElasticNet,soundtracks,soundtracks,within-corpus,0.8522417120684316
clap,clean,ElasticNet,soundtracks,deam,same-domain,0.611205497241572
clap,clean,ElasticNet,soundtracks,pmemo,same-domain,0.5095091010400192
clap,clean,ElasticNet,soundtracks,emo_mix,cross-domain,0.37912565225704764
clap,clean,ElasticNet,emo_mix,emo_mix,within-corpus,0.7864027727744849
clap,clean,ElasticNet,emo_mix,deam,cross-domain,0.34583936345979405
clap,clean,ElasticNet,emo_mix,pmemo,cross-domain,0.19414527007028387
clap,clean,ElasticNet,emo_mix,soundtracks,cross-domain,0.5976190458589901
