corpus,algorithm,rho,variant
reg_deam,RF,0.7269057446362753,published
reg_deam,XGBoost,0.7401278624787178,published
reg_deam,GBDT,0.7208372655111888,published
reg_deam,SVR,0.7105876865226555,published
reg_deam,KNN,0.6657846217315452,published
reg_deam,ElasticNet,0.7348259910061818,published
reg_deam,RidgeCV,0.7310153259137547,published
reg_pmemo,RF,0.8025696545567449,published
reg_pmemo,XGBoost,0.8083334233603009,published
reg_pmemo,GBDT,0.7962995688335718,published
reg_pmemo,SVR,0.8003541188818549,published
reg_pmemo,KNN,0.7662901859561331,published
reg_pmemo,ElasticNet,0.8203796029350628,published
reg_pmemo,RidgeCV,0.8231327614188725,published
reg_soundtracks,RF,0.7975201041918025,published
reg_soundtracks,XGBoost,0.8170806357743982,published
reg_soundtracks,GBDT,0.80844991494885,published
reg_soundtracks,SVR,0.8191329903383605,published
reg_soundtracks,KNN,0.7933201799309837,published
reg_soundtracks,ElasticNet,0.810698062645967,published
reg_soundtracks,RidgeCV,0.8249180213488525,published
reg_emo_mix,RF,0.7482138616618977,published
reg_emo_mix,XGBoost,0.7704789211899569,published
reg_emo_mix,GBDT,0.7510561393997119,published
reg_emo_mix,SVR,0.739109690414387,published
reg_emo_mix,KNN,0.6970602506195369,published
reg_emo_mix,ElasticNet,0.7233747901854963,published
reg_emo_mix,RidgeCV,0.7387955893272692,published
reg_emo_mix,RF,0.6315911974029599,clean
reg_emo_mix,XGBoost,0.6602021114031758,clean
reg_emo_mix,GBDT,0.6796447773318033,clean
reg_emo_mix,SVR,0.5843520919927042,clean
reg_emo_mix,KNN,0.5031150785300909,clean
reg_emo_mix,ElasticNet,0.669083053109164,clean
reg_emo_mix,RidgeCV,0.6746900411399777,clean
reg_deam,RF,0.7269057446362753,clean
reg_deam,XGBoost,0.7401278624787178,clean
reg_deam,GBDT,0.7208372655111888,clean
reg_deam,SVR,0.7105876865226555,clean
reg_deam,KNN,0.6657846217315452,clean
reg_deam,ElasticNet,0.7348259910061818,clean
reg_deam,RidgeCV,0.7310153259137547,clean
reg_pmemo,RF,0.8025696545567449,clean
reg_pmemo,XGBoost,0.8083334233603009,clean
reg_pmemo,GBDT,0.7962995688335718,clean
reg_pmemo,SVR,0.8003541188818549,clean
reg_pmemo,KNN,0.7662901859561331,clean
reg_pmemo,ElasticNet,0.8203796029350628,clean
reg_pmemo,RidgeCV,0.8231327614188725,clean
reg_soundtracks,RF,0.7975201041918025,clean
reg_soundtracks,XGBoost,0.8170806357743982,clean
reg_soundtracks,GBDT,0.80844991494885,clean
reg_soundtracks,SVR,0.8191329903383605,clean
reg_soundtracks,KNN,0.7933201799309837,clean
reg_soundtracks,ElasticNet,0.810698062645967,clean
reg_soundtracks,RidgeCV,0.8249180213488525,clean
