variant,source,target,domain_match,k,rho,sd,zero_shot,ceiling_median6,ceiling_linear,frac_median6,frac_linear
published,reg_deam,reg_pmemo,same-domain,10,0.7597915766554673,0.0038834986284972156,0.7553058447031793,0.8014618867193,0.8231327614188725,0.09718623513518028,0.06613498253341796
published,reg_deam,reg_pmemo,same-domain,25,0.7661425924194225,0.0028885853379626257,0.7553058447031793,0.8014618867193,0.8231327614188725,0.23478503014747928,0.1597706079087611
published,reg_deam,reg_pmemo,same-domain,50,0.7740748662702899,0.0053346417177886855,0.7553058447031793,0.8014618867193,0.8231327614188725,0.4066427871036954,0.2767193685920264
published,reg_deam,reg_pmemo,same-domain,100,0.7857737242283501,0.006001175274649362,0.7553058447031793,0.8014618867193,0.8231327614188725,0.6601059838391142,0.4492004207250282
published,reg_deam,reg_pmemo,same-domain,200,0.7977375296671717,0.00679559953853025,0.7553058447031793,0.8014618867193,0.8231327614188725,0.9193094362201275,0.625587702030615
published,reg_deam,reg_soundtracks,same-domain,10,0.7353354325681875,0.007418092753639994,0.7282884498887248,0.8095739887974085,0.8249180213488525,0.08669417431530196,0.0729278063948621
published,reg_deam,reg_soundtracks,same-domain,25,0.7406917790962804,0.008936713417672616,0.7282884498887248,0.8095739887974085,0.8249180213488525,0.1525896164813463,0.128359559295713
published,reg_deam,reg_soundtracks,same-domain,50,0.7564700731637413,0.01198794048038513,0.7282884498887248,0.8095739887974085,0.8249180213488525,0.34669910113625213,0.29164595112216846
published,reg_deam,reg_soundtracks,same-domain,100,0.7624876509200631,0.014555108096900644,0.7282884498887248,0.8095739887974085,0.8249180213488525,0.42072921568198934,0.35392065301096726
published,reg_deam,reg_emo_mix,cross-domain,10,0.28986275099603837,0.05399783952806063,0.1930685350196608,0.7436617760381423,0.7387955893272692,0.17579986233998926,0.17736744992271883
published,reg_deam,reg_emo_mix,cross-domain,25,0.3917458058539125,0.050211940050146654,0.1930685350196608,0.7436617760381423,0.7387955893272692,0.3608421899018241,0.3640597790892439
published,reg_deam,reg_emo_mix,cross-domain,50,0.4944586226327277,0.039382659885124585,0.1930685350196608,0.7436617760381423,0.7387955893272692,0.5473915499862635,0.5522725788177313
published,reg_deam,reg_emo_mix,cross-domain,100,0.556121162489149,0.02572951453979748,0.1930685350196608,0.7436617760381423,0.7387955893272692,0.6593844610186592,0.6652641180307828
published,reg_deam,reg_emo_mix,cross-domain,200,0.5956614104022896,0.019044749343341008,0.1930685350196608,0.7436617760381423,0.7387955893272692,0.7311983609495765,0.7377183744233072
published,reg_pmemo,reg_deam,same-domain,10,0.6721986915783923,0.005135511834257589,0.6750432662606609,0.7238715050737321,0.7310153259137547,-0.058256753702677765,-0.050821332998979375
published,reg_pmemo,reg_deam,same-domain,25,0.6731861976507456,0.006960685087576407,0.6750432662606609,0.7238715050737321,0.7310153259137547,-0.03803267648101553,-0.03317849336660338
published,reg_pmemo,reg_deam,same-domain,50,0.6771676293765105,0.006531572325918999,0.6750432662606609,0.7238715050737321,0.7310153259137547,0.043506855202832734,0.03795399220639905
published,reg_pmemo,reg_deam,same-domain,100,0.6816035705338186,0.011353148426478948,0.6750432662606609,0.7238715050737321,0.7310153259137547,0.13435471834797172,0.11720676912404926
published,reg_pmemo,reg_deam,same-domain,200,0.6894491644126988,0.010794848977253024,0.6750432662606609,0.7238715050737321,0.7310153259137547,0.29503210646584765,0.25737659541784574
published,reg_pmemo,reg_soundtracks,same-domain,10,0.6701645094124411,0.015799797771883207,0.6605144381558021,0.8095739887974085,0.8249180213488525,0.06473970446778864,0.058697450926646806
published,reg_pmemo,reg_soundtracks,same-domain,25,0.6923356118924422,0.025706903414879374,0.6605144381558021,0.8095739887974085,0.8249180213488525,0.21347960328385662,0.19355523230460345
published,reg_pmemo,reg_soundtracks,same-domain,50,0.7086937897276421,0.023503066846488445,0.6605144381558021,0.8095739887974085,0.8249180213488525,0.323222171034721,0.29305536190939036
published,reg_pmemo,reg_soundtracks,same-domain,100,0.7233615295266447,0.02451244299889322,0.6605144381558021,0.8095739887974085,0.8249180213488525,0.42162404958505423,0.38227324581511435
published,reg_pmemo,reg_emo_mix,cross-domain,10,0.13120761891338228,0.06594053455012595,-0.043385390412224084,0.7436617760381423,0.7387955893272692,0.22183296855388238,0.22321305918708848
published,reg_pmemo,reg_emo_mix,cross-domain,25,0.3066768402807463,0.0764447077346703,-0.043385390412224084,0.7436617760381423,0.7387955893272692,0.44477922749124893,0.4475463348770756
published,reg_pmemo,reg_emo_mix,cross-domain,50,0.4297212058721868,0.050463647770736975,-0.043385390412224084,0.7436617760381423,0.7387955893272692,0.6011159387284909,0.60485566453173
published,reg_pmemo,reg_emo_mix,cross-domain,100,0.5336445585077723,0.03760745133081887,-0.043385390412224084,0.7436617760381423,0.7387955893272692,0.7331580285365091,0.7377192284989814
published,reg_pmemo,reg_emo_mix,cross-domain,200,0.6164320804873438,0.024820732754974043,-0.043385390412224084,0.7436617760381423,0.7387955893272692,0.8383455261968444,0.8435611297008542
published,reg_soundtracks,reg_deam,same-domain,10,0.6449112805733345,0.010974596882133968,0.6342821481738383,0.7238715050737321,0.7310153259137547,0.11864280275360194,0.1098809389687825
published,reg_soundtracks,reg_deam,same-domain,25,0.6513937163965403,0.014798977339928462,0.6342821481738383,0.7238715050737321,0.7310153259137547,0.19100001177396864,0.17689451150575605
published,reg_soundtracks,reg_deam,same-domain,50,0.6551142933268658,0.01657932095305453,0.6342821481738383,0.7238715050737321,0.7310153259137547,0.2325292409041966,0.21535677458088073
published,reg_soundtracks,reg_deam,same-domain,100,0.6716818842600627,0.011028792643070492,0.6342821481738383,0.7238715050737321,0.7310153259137547,0.417457356324306,0.38662780402789954
published,reg_soundtracks,reg_deam,same-domain,200,0.6902047630194277,0.013426546915780792,0.6342821481738383,0.7238715050737321,0.7310153259137547,0.6242104729926425,0.5781120413096199
published,reg_soundtracks,reg_pmemo,same-domain,10,0.5766348159237176,0.07351963953941036,0.40002635356976246,0.8014618867193,0.8231327614188725,0.43994227658010343,0.41740909397178866
published,reg_soundtracks,reg_pmemo,same-domain,25,0.6786577584688527,0.02787885745460162,0.40002635356976246,0.8014618867193,0.8231327614188725,0.6940875480380011,0.6585374263545942
published,reg_soundtracks,reg_pmemo,same-domain,50,0.7347789534673841,0.024698793217112356,0.40002635356976246,0.8014618867193,0.8231327614188725,0.8338888121618372,0.7911782797130373
published,reg_soundtracks,reg_pmemo,same-domain,100,0.7739161345576805,0.010500969400704422,0.40002635356976246,0.8014618867193,0.8231327614188725,0.9313818785658954,0.8836778976915334
published,reg_soundtracks,reg_pmemo,same-domain,200,0.7958717728092084,0.008771092896507586,0.40002635356976246,0.8014618867193,0.8231327614188725,0.9860746908320913,0.9355694262626577
published,reg_soundtracks,reg_emo_mix,cross-domain,10,0.51935954466108,0.03359004923015477,0.42837483990620606,0.7436617760381423,0.7387955893272692,0.28857746493118297,0.29310123413000283
published,reg_soundtracks,reg_emo_mix,cross-domain,25,0.5642025489533409,0.04025478940653172,0.42837483990620606,0.7436617760381423,0.7387955893272692,0.4308066509622073,0.4375600191045684
published,reg_soundtracks,reg_emo_mix,cross-domain,50,0.5787440883597679,0.030687625347548843,0.42837483990620606,0.7436617760381423,0.7387955893272692,0.47692825557046764,0.48440463059895805
published,reg_soundtracks,reg_emo_mix,cross-domain,100,0.6272016856472737,0.019150601503724357,0.42837483990620606,0.7436617760381423,0.7387955893272692,0.6306218969309461,0.6405075888512
published,reg_soundtracks,reg_emo_mix,cross-domain,200,0.642954154089156,0.013995918100210525,0.42837483990620606,0.7436617760381423,0.7387955893272692,0.6805842221548825,0.6912531284817199
published,reg_emo_mix,reg_deam,cross-domain,10,0.04318314942802989,0.032069342447955666,-0.04624560559957795,0.7238715050737321,0.7310153259137547,0.11612357885337812,0.11505628470671929
published,reg_emo_mix,reg_deam,cross-domain,25,0.11236010147931826,0.048860670223724485,-0.04624560559957795,0.7238715050737321,0.7310153259137547,0.20595011444457834,0.204057222804303
published,reg_emo_mix,reg_deam,cross-domain,50,0.19518764696773555,0.04810728943285811,-0.04624560559957795,0.7238715050737321,0.7310153259137547,0.3135019975808997,0.3106205944215429
published,reg_emo_mix,reg_deam,cross-domain,100,0.32776393435664614,0.043914607050846634,-0.04624560559957795,0.7238715050737321,0.7310153259137547,0.48565281146555644,0.48118916671654244
published,reg_emo_mix,reg_deam,cross-domain,200,0.4400442603050359,0.026387544215362557,-0.04624560559957795,0.7238715050737321,0.7310153259137547,0.6314492421541612,0.6256455794810167
published,reg_emo_mix,reg_pmemo,cross-domain,10,-0.015240428318327634,0.03785323846814787,-0.10431942330223157,0.8014618867193,0.8231327614188725,0.09834492498171156,0.0960469946067258
published,reg_emo_mix,reg_pmemo,cross-domain,25,0.09285475488667747,0.06520327483030126,-0.10431942330223157,0.8014618867193,0.8231327614188725,0.21768408776752302,0.21259767504693697
published,reg_emo_mix,reg_pmemo,cross-domain,50,0.21405116820138814,0.04642208838613483,-0.10431942330223157,0.8014618867193,0.8231327614188725,0.3514872607561881,0.3432743992072837
published,reg_emo_mix,reg_pmemo,cross-domain,100,0.33443156409332353,0.02666759189883735,-0.10431942330223157,0.8014618867193,0.8231327614188725,0.48438953480407476,0.473071274857682
published,reg_emo_mix,reg_pmemo,cross-domain,200,0.4521901706862665,0.02648088504806872,-0.10431942330223157,0.8014618867193,0.8231327614188725,0.6143973030038224,0.600041277767702
published,reg_emo_mix,reg_soundtracks,cross-domain,10,0.14669992430573725,0.04951271126233205,-0.07228896021802897,0.8095739887974085,0.8249180213488525,0.24832530357269006,0.24407844457621608
published,reg_emo_mix,reg_soundtracks,cross-domain,25,0.28819210293901254,0.05488874536771626,-0.07228896021802897,0.8095739887974085,0.8249180213488525,0.40877220611150894,0.4017813844108722
published,reg_emo_mix,reg_soundtracks,cross-domain,50,0.4437048640674367,0.05453621210218192,-0.07228896021802897,0.8095739887974085,0.8249180213488525,0.5851179311496768,0.5751112451045962
published,reg_emo_mix,reg_soundtracks,cross-domain,100,0.5681459372345717,0.04352103898655385,-0.07228896021802897,0.8095739887974085,0.8249180213488525,0.7262295101156241,0.7138095340432437
clean,reg_deam,reg_pmemo,same-domain,10,0.758760390713685,0.004451559855159325,0.7553058447031793,0.8014618867193,0.8231327614188725,0.0748449359955757,0.050931786048684896
clean,reg_deam,reg_pmemo,same-domain,25,0.7646047982670585,0.004231022770391735,0.7553058447031793,0.8014618867193,0.8231327614188725,0.20146774198340978,0.13709827918106898
clean,reg_deam,reg_pmemo,same-domain,50,0.773716240828239,0.005145681602528688,0.7553058447031793,0.8014618867193,0.8231327614188725,0.3988729388587865,0.27143200688643493
clean,reg_deam,reg_pmemo,same-domain,100,0.7836030993117761,0.006824091005007881,0.7553058447031793,0.8014618867193,0.8231327614188725,0.6130780147637779,0.4171980089734731
clean,reg_deam,reg_pmemo,same-domain,200,0.7940346418614043,0.008780088500852993,0.7553058447031793,0.8014618867193,0.8231327614188725,0.8390840173145343,0.5709945112286705
clean,reg_deam,reg_soundtracks,same-domain,10,0.737215849754447,0.008974905389724615,0.7282884498887248,0.8095739887974085,0.8249180213488525,0.1098276518256374,0.09238786564841521
clean,reg_deam,reg_soundtracks,same-domain,25,0.7422801250665758,0.010591428271272189,0.7282884498887248,0.8095739887974085,0.8249180213488525,0.17212994298493012,0.14479703227934146
clean,reg_deam,reg_soundtracks,same-domain,50,0.757318449013709,0.010485469437066063,0.7282884498887248,0.8095739887974085,0.8249180213488525,0.3571360849018496,0.30042562216021956
clean,reg_deam,reg_soundtracks,same-domain,100,0.7702642288115402,0.015108595190881865,0.7282884498887248,0.8095739887974085,0.8249180213488525,0.5163990973839897,0.43439889351197136
clean,reg_deam,reg_emo_mix,cross-domain,10,0.21853930881465983,0.06182297799277764,0.16830633564147424,0.6458966544030678,0.6746900411399777,0.10518004909195237,0.09919942649760884
clean,reg_deam,reg_emo_mix,cross-domain,25,0.3074127079272442,0.05111841750270154,0.16830633564147424,0.6458966544030678,0.6746900411399777,0.2912671526643946,0.27470546697158893
clean,reg_deam,reg_emo_mix,cross-domain,50,0.35641517897694225,0.03569159261161569,0.16830633564147424,0.6458966544030678,0.6746900411399777,0.3938707212977852,0.37147491377173464
clean,reg_deam,reg_emo_mix,cross-domain,100,0.41684189385407155,0.03460379088692574,0.16830633564147424,0.6458966544030678,0.6746900411399777,0.5203948833323458,0.4908048097004414
clean,reg_deam,reg_emo_mix,cross-domain,200,0.4910009207320897,0.02952790034283201,0.16830633564147424,0.6458966544030678,0.6746900411399777,0.6756723752846844,0.6372530979703278
clean,reg_pmemo,reg_deam,same-domain,10,0.6754018176262667,0.005624179398916022,0.6750432662606609,0.7238715050737321,0.7310153259137547,0.007343114851601506,0.006405899083007738
clean,reg_pmemo,reg_deam,same-domain,25,0.6717263930128323,0.006406324876293737,0.6750432662606609,0.7238715050737321,0.7310153259137547,-0.06792940577944152,-0.05925944602335624
clean,reg_pmemo,reg_deam,same-domain,50,0.6765098269561418,0.007943983241813078,0.6750432662606609,0.7238715050737321,0.7310153259137547,0.030035093034899846,0.026201656765365032
clean,reg_pmemo,reg_deam,same-domain,100,0.6802188733698005,0.010912193259045924,0.6750432662606609,0.7238715050737321,0.7310153259137547,0.10599618652954694,0.09246769086607087
clean,reg_pmemo,reg_deam,same-domain,200,0.6926933863874959,0.011942707995810159,0.6750432662606609,0.7238715050737321,0.7310153259137547,0.361473617641726,0.3153380496667033
clean,reg_pmemo,reg_soundtracks,same-domain,10,0.6702872238865114,0.015023193746456082,0.6605144381558021,0.8095739887974085,0.8249180213488525,0.06556296251158455,0.05944387306469844
clean,reg_pmemo,reg_soundtracks,same-domain,25,0.6773194031061569,0.016628702248871488,0.6605144381558021,0.8095739887974085,0.8249180213488525,0.11273994103712315,0.10221775355480907
clean,reg_pmemo,reg_soundtracks,same-domain,50,0.7082417382953934,0.01594973143768801,0.6605144381558021,0.8095739887974085,0.8249180213488525,0.3201894808763051,0.2903057172637632
clean,reg_pmemo,reg_soundtracks,same-domain,100,0.732367628328261,0.01525356734282664,0.6605144381558021,0.8095739887974085,0.8249180213488525,0.4820435179307642,0.4370536747248718
clean,reg_pmemo,reg_emo_mix,cross-domain,10,0.20291457661025253,0.05503654305493826,0.08531685165723459,0.6458966544030678,0.6746900411399777,0.2097787404701356,0.19953015687093995
clean,reg_pmemo,reg_emo_mix,cross-domain,25,0.30709971446350465,0.05648311728383642,0.08531685165723459,0.6458966544030678,0.6746900411399777,0.39563120490594345,0.3763029380432377
clean,reg_pmemo,reg_emo_mix,cross-domain,50,0.3532790299426666,0.029446842408643117,0.08531685165723459,0.6458966544030678,0.6746900411399777,0.4780089774424606,0.45465620606292945
clean,reg_pmemo,reg_emo_mix,cross-domain,100,0.43802954383550724,0.03256749279330356,0.08531685165723459,0.6458966544030678,0.6746900411399777,0.6291926509849527,0.598453914213212
clean,reg_pmemo,reg_emo_mix,cross-domain,200,0.5073874363078058,0.03575321738959732,0.08531685165723459,0.6458966544030678,0.6746900411399777,0.7529179299417927,0.7161346871258206
clean,reg_soundtracks,reg_deam,same-domain,10,0.6429771471276623,0.01149712304077238,0.6342821481738383,0.7238715050737321,0.7310153259137547,0.09705392755011821,0.0898864190857242
clean,reg_soundtracks,reg_deam,same-domain,25,0.6474872428808718,0.009705173831154662,0.6342821481738383,0.7238715050737321,0.7310153259137547,0.1473957974917567,0.1365105025551585
clean,reg_soundtracks,reg_deam,same-domain,50,0.6560369286315739,0.019180855384461355,0.6342821481738383,0.7238715050737321,0.7310153259137547,0.24282773323224283,0.22489471519510115
clean,reg_soundtracks,reg_deam,same-domain,100,0.6774699286371544,0.01246147032855941,0.6342821481738383,0.7238715050737321,0.7310153259137547,0.4820637401334808,0.4464629558581622
clean,reg_soundtracks,reg_deam,same-domain,200,0.6962698428589352,0.010011574967645607,0.6342821481738383,0.7238715050737321,0.7310153259137547,0.6919091377602065,0.6408111067307368
clean,reg_soundtracks,reg_pmemo,same-domain,10,0.5506756725268167,0.07117677778967241,0.40002635356976246,0.8014618867193,0.8231327614188725,0.3752764927785711,0.3560553944878553
clean,reg_soundtracks,reg_pmemo,same-domain,25,0.6684319678662587,0.03982098527200959,0.40002635356976246,0.8014618867193,0.8231327614188725,0.6686144900793156,0.6343690601637406
clean,reg_soundtracks,reg_pmemo,same-domain,50,0.7361055250802717,0.01900425837204548,0.40002635356976246,0.8014618867193,0.8231327614188725,0.837193381646456,0.7943135941121535
clean,reg_soundtracks,reg_pmemo,same-domain,100,0.7694635833530219,0.012892545184047536,0.40002635356976246,0.8014618867193,0.8231327614188725,0.9202903063532284,0.8731544191479361
clean,reg_soundtracks,reg_pmemo,same-domain,200,0.7945921467356554,0.010294346730781707,0.40002635356976246,0.8014618867193,0.8231327614188725,0.98288706550278,0.9325450663148657
clean,reg_soundtracks,reg_emo_mix,cross-domain,10,0.37738550416660094,0.03349903700084129,0.311894851592429,0.6458966544030678,0.6746900411399777,0.19607873976447257,0.1805168713947035
clean,reg_soundtracks,reg_emo_mix,cross-domain,25,0.4207758842505852,0.02642022340382007,0.311894851592429,0.6458966544030678,0.6746900411399777,0.32598935617088853,0.30011707926432146
clean,reg_soundtracks,reg_emo_mix,cross-domain,50,0.46125432880899125,0.048315744665542684,0.311894851592429,0.6458966544030678,0.6746900411399777,0.44718164979858244,0.41169089756353255
clean,reg_soundtracks,reg_emo_mix,cross-domain,100,0.49620917750214577,0.03678225245312854,0.311894851592429,0.6458966544030678,0.6746900411399777,0.5518363205189439,0.5080396080763363
clean,reg_soundtracks,reg_emo_mix,cross-domain,200,0.5489493298077119,0.020676038434795735,0.311894851592429,0.6458966544030678,0.6746900411399777,0.7097401158330879,0.653411304904345
clean,reg_emo_mix,reg_deam,cross-domain,10,0.14635930550351875,0.04848534843563029,0.01974316381330145,0.7238715050737321,0.7310153259137547,0.1798196923355862,0.17801363308850435
clean,reg_emo_mix,reg_deam,cross-domain,25,0.19867701010004063,0.05885730251213234,0.01974316381330145,0.7238715050737321,0.7310153259137547,0.2541210682791679,0.25156874656577416
clean,reg_emo_mix,reg_deam,cross-domain,50,0.28044678701933046,0.036082574215575786,0.01974316381330145,0.7238715050737321,0.7310153259137547,0.3702501489136972,0.366531458838691
clean,reg_emo_mix,reg_deam,cross-domain,100,0.3845506589946686,0.0343501085562374,0.01974316381330145,0.7238715050737321,0.7310153259137547,0.5180980139619725,0.5128943808289312
clean,reg_emo_mix,reg_deam,cross-domain,200,0.47237180539413437,0.03159512550381577,0.01974316381330145,0.7238715050737321,0.7310153259137547,0.642821223146055,0.6363649046016059
clean,reg_emo_mix,reg_pmemo,cross-domain,10,-0.029161491665103643,0.0542021638578749,-0.14704857596031531,0.8014618867193,0.8231327614188725,0.12428654077486036,0.12151036074726762
clean,reg_emo_mix,reg_pmemo,cross-domain,25,0.11262430016386808,0.06170859661150729,-0.14704857596031531,0.8014618867193,0.8231327614188725,0.27376912152406574,0.26765395923369767
clean,reg_emo_mix,reg_pmemo,cross-domain,50,0.25493322740882096,0.05778524845580368,-0.14704857596031531,0.8014618867193,0.8231327614188725,0.42380323590053676,0.41433677177818645
clean,reg_emo_mix,reg_pmemo,cross-domain,100,0.409037266180415,0.03589040040694966,-0.14704857596031531,0.8014618867193,0.8231327614188725,0.586272755041357,0.5731772202946309
clean,reg_emo_mix,reg_pmemo,cross-domain,200,0.5306839839820007,0.025416201289492367,-0.14704857596031531,0.8014618867193,0.8231327614188725,0.714523019627711,0.6985627674235806
clean,reg_emo_mix,reg_soundtracks,cross-domain,10,0.17063731895690518,0.06562972397402453,-0.06301438615237591,0.8095739887974085,0.8249180213488525,0.26776852845733506,0.26314131924389506
clean,reg_emo_mix,reg_soundtracks,cross-domain,25,0.32690752201121875,0.046155923303197496,-0.06301438615237591,0.8095739887974085,0.8249180213488525,0.44685663865970465,0.4391346738440282
clean,reg_emo_mix,reg_soundtracks,cross-domain,50,0.46894330197838485,0.051685180286001636,-0.06301438615237591,0.8095739887974085,0.8249180213488525,0.6096318761539469,0.5990970524747119
clean,reg_emo_mix,reg_soundtracks,cross-domain,100,0.6199230500081885,0.026499857436818857,-0.06301438615237591,0.8095739887974085,0.8249180213488525,0.7826570417006369,0.7691322339303396
