source,target,domain_match,algorithm,rho,variant
reg_deam,reg_pmemo,same-domain,RF,0.7561658953888806,published
reg_deam,reg_pmemo,same-domain,XGBoost,0.703587807763868,published
reg_deam,reg_pmemo,same-domain,GBDT,0.6585674822933516,published
reg_deam,reg_pmemo,same-domain,SVR,0.673336602725527,published
reg_deam,reg_pmemo,same-domain,KNN,0.5687754268611872,published
reg_deam,reg_pmemo,same-domain,ElasticNet,0.7307444649900686,published
reg_deam,reg_soundtracks,same-domain,RF,0.6824894515492921,published
reg_deam,reg_soundtracks,same-domain,XGBoost,0.6878333691211587,published
reg_deam,reg_soundtracks,same-domain,GBDT,0.6965667462675069,published
reg_deam,reg_soundtracks,same-domain,SVR,0.5025399964973604,published
reg_deam,reg_soundtracks,same-domain,KNN,0.6132855240953313,published
reg_deam,reg_soundtracks,same-domain,ElasticNet,0.6976133776284444,published
reg_deam,reg_emo_mix,cross-domain,RF,0.14066203666563826,published
reg_deam,reg_emo_mix,cross-domain,XGBoost,0.14416230356512416,published
reg_deam,reg_emo_mix,cross-domain,GBDT,0.22265352800303795,published
reg_deam,reg_emo_mix,cross-domain,SVR,0.08079449515026407,published
reg_deam,reg_emo_mix,cross-domain,KNN,0.007406298036708505,published
reg_deam,reg_emo_mix,cross-domain,ElasticNet,0.1644965879658764,published
reg_pmemo,reg_deam,same-domain,RF,0.6513325722318469,published
reg_pmemo,reg_deam,same-domain,XGBoost,0.6411250277815518,published
reg_pmemo,reg_deam,same-domain,GBDT,0.6678127077641006,published
reg_pmemo,reg_deam,same-domain,SVR,0.5680778464980547,published
reg_pmemo,reg_deam,same-domain,KNN,0.6095607135435819,published
reg_pmemo,reg_deam,same-domain,ElasticNet,0.6778325295332674,published
reg_pmemo,reg_soundtracks,same-domain,RF,0.5746748435921836,published
reg_pmemo,reg_soundtracks,same-domain,XGBoost,0.4340867549726789,published
reg_pmemo,reg_soundtracks,same-domain,GBDT,0.6135970262160756,published
reg_pmemo,reg_soundtracks,same-domain,SVR,0.0020300994969217573,published
reg_pmemo,reg_soundtracks,same-domain,KNN,0.4831610266683881,published
reg_pmemo,reg_soundtracks,same-domain,ElasticNet,0.6707906188802875,published
reg_pmemo,reg_emo_mix,cross-domain,RF,-0.023720207627566024,published
reg_pmemo,reg_emo_mix,cross-domain,XGBoost,-0.05554308895883497,published
reg_pmemo,reg_emo_mix,cross-domain,GBDT,0.046423908148910814,published
reg_pmemo,reg_emo_mix,cross-domain,SVR,-0.1100803842303504,published
reg_pmemo,reg_emo_mix,cross-domain,KNN,-0.08915241074177041,published
reg_pmemo,reg_emo_mix,cross-domain,ElasticNet,0.010881012586090031,published
reg_soundtracks,reg_deam,same-domain,RF,0.6447302234150721,published
reg_soundtracks,reg_deam,same-domain,XGBoost,0.6212573003499471,published
reg_soundtracks,reg_deam,same-domain,GBDT,0.6137757032283023,published
reg_soundtracks,reg_deam,same-domain,SVR,0.43959980384314556,published
reg_soundtracks,reg_deam,same-domain,KNN,0.5897557604433468,published
reg_soundtracks,reg_deam,same-domain,ElasticNet,0.6364470789717629,published
reg_soundtracks,reg_pmemo,same-domain,RF,0.5964559939716073,published
reg_soundtracks,reg_pmemo,same-domain,XGBoost,0.6197079715891524,published
reg_soundtracks,reg_pmemo,same-domain,GBDT,0.506831850764135,published
reg_soundtracks,reg_pmemo,same-domain,SVR,0.44966762795485704,published
reg_soundtracks,reg_pmemo,same-domain,KNN,0.48162874752570883,published
reg_soundtracks,reg_pmemo,same-domain,ElasticNet,0.5256493547932293,published
reg_soundtracks,reg_emo_mix,cross-domain,RF,0.24412016004293044,published
reg_soundtracks,reg_emo_mix,cross-domain,XGBoost,0.335990130381955,published
reg_soundtracks,reg_emo_mix,cross-domain,GBDT,0.39363839929442473,published
reg_soundtracks,reg_emo_mix,cross-domain,SVR,-0.018433855690261385,published
reg_soundtracks,reg_emo_mix,cross-domain,KNN,0.03882919413650312,published
reg_soundtracks,reg_emo_mix,cross-domain,ElasticNet,0.42154600465656134,published
reg_emo_mix,reg_deam,cross-domain,RF,-0.012447951080684538,published
reg_emo_mix,reg_deam,cross-domain,XGBoost,0.11434468876507697,published
reg_emo_mix,reg_deam,cross-domain,GBDT,0.07905739987904417,published
reg_emo_mix,reg_deam,cross-domain,SVR,0.08029608846911566,published
reg_emo_mix,reg_deam,cross-domain,KNN,-0.08331963953684556,published
reg_emo_mix,reg_deam,cross-domain,ElasticNet,-0.027438151290159044,published
reg_emo_mix,reg_pmemo,cross-domain,RF,-0.19715839757078307,published
reg_emo_mix,reg_pmemo,cross-domain,XGBoost,0.014547774281332795,published
reg_emo_mix,reg_pmemo,cross-domain,GBDT,-0.06276806987562654,published
reg_emo_mix,reg_pmemo,cross-domain,SVR,0.12399461319282891,published
reg_emo_mix,reg_pmemo,cross-domain,KNN,-0.2866245529619225,published
reg_emo_mix,reg_pmemo,cross-domain,ElasticNet,-0.1811617706766382,published
reg_emo_mix,reg_soundtracks,cross-domain,RF,0.005667066290976121,published
reg_emo_mix,reg_soundtracks,cross-domain,XGBoost,0.07321389624127639,published
reg_emo_mix,reg_soundtracks,cross-domain,GBDT,0.16436987898747443,published
reg_emo_mix,reg_soundtracks,cross-domain,SVR,0.25518521770174485,published
reg_emo_mix,reg_soundtracks,cross-domain,KNN,0.06940699359688948,published
reg_emo_mix,reg_soundtracks,cross-domain,ElasticNet,0.009933221136449552,published
reg_deam,reg_pmemo,same-domain,RF,0.7561658953888806,clean
reg_deam,reg_pmemo,same-domain,XGBoost,0.703587807763868,clean
reg_deam,reg_pmemo,same-domain,GBDT,0.6585674822933516,clean
reg_deam,reg_pmemo,same-domain,SVR,0.673336602725527,clean
reg_deam,reg_pmemo,same-domain,KNN,0.5687754268611872,clean
reg_deam,reg_pmemo,same-domain,ElasticNet,0.7307444649900686,clean
reg_deam,reg_soundtracks,same-domain,RF,0.6825482409460408,clean
reg_deam,reg_soundtracks,same-domain,XGBoost,0.6878333691211587,clean
reg_deam,reg_soundtracks,same-domain,GBDT,0.6965667462675069,clean
reg_deam,reg_soundtracks,same-domain,SVR,0.5025399964973604,clean
reg_deam,reg_soundtracks,same-domain,KNN,0.6132855240953313,clean
reg_deam,reg_soundtracks,same-domain,ElasticNet,0.6976133776284444,clean
reg_deam,reg_emo_mix,cross-domain,RF,0.2173603906133237,clean
reg_deam,reg_emo_mix,cross-domain,XGBoost,0.2304486775150215,clean
reg_deam,reg_emo_mix,cross-domain,GBDT,0.24237279446774018,clean
reg_deam,reg_emo_mix,cross-domain,SVR,0.1170934098004049,clean
reg_deam,reg_emo_mix,cross-domain,KNN,0.06276389489258914,clean
reg_deam,reg_emo_mix,cross-domain,ElasticNet,0.18180426258701826,clean
reg_pmemo,reg_deam,same-domain,RF,0.6513325722318469,clean
reg_pmemo,reg_deam,same-domain,XGBoost,0.6411250277815518,clean
reg_pmemo,reg_deam,same-domain,GBDT,0.6678127077641006,clean
reg_pmemo,reg_deam,same-domain,SVR,0.5680778464980547,clean
reg_pmemo,reg_deam,same-domain,KNN,0.6095607135435819,clean
reg_pmemo,reg_deam,same-domain,ElasticNet,0.6778325295332674,clean
reg_pmemo,reg_soundtracks,same-domain,RF,0.5746748435921836,clean
reg_pmemo,reg_soundtracks,same-domain,XGBoost,0.4340867549726789,clean
reg_pmemo,reg_soundtracks,same-domain,GBDT,0.6135970262160756,clean
reg_pmemo,reg_soundtracks,same-domain,SVR,0.0020300994969217573,clean
reg_pmemo,reg_soundtracks,same-domain,KNN,0.4831610266683881,clean
reg_pmemo,reg_soundtracks,same-domain,ElasticNet,0.6707906188802875,clean
reg_pmemo,reg_emo_mix,cross-domain,RF,0.07473126625620909,clean
reg_pmemo,reg_emo_mix,cross-domain,XGBoost,0.09750969158982498,clean
reg_pmemo,reg_emo_mix,cross-domain,GBDT,0.2074039458750142,clean
reg_pmemo,reg_emo_mix,cross-domain,SVR,0.017627384517289166,clean
reg_pmemo,reg_emo_mix,cross-domain,KNN,0.015642593582298425,clean
reg_pmemo,reg_emo_mix,cross-domain,ElasticNet,0.13265745735366458,clean
reg_soundtracks,reg_deam,same-domain,RF,0.6447302234150721,clean
reg_soundtracks,reg_deam,same-domain,XGBoost,0.6212573003499471,clean
reg_soundtracks,reg_deam,same-domain,GBDT,0.6137757032283023,clean
reg_soundtracks,reg_deam,same-domain,SVR,0.43959980384314556,clean
reg_soundtracks,reg_deam,same-domain,KNN,0.5897557604433468,clean
reg_soundtracks,reg_deam,same-domain,ElasticNet,0.6364470789717629,clean
reg_soundtracks,reg_pmemo,same-domain,RF,0.5964559939716073,clean
reg_soundtracks,reg_pmemo,same-domain,XGBoost,0.6197079715891524,clean
reg_soundtracks,reg_pmemo,same-domain,GBDT,0.506831850764135,clean
reg_soundtracks,reg_pmemo,same-domain,SVR,0.44966762795485704,clean
reg_soundtracks,reg_pmemo,same-domain,KNN,0.48162874752570883,clean
reg_soundtracks,reg_pmemo,same-domain,ElasticNet,0.5256493547932293,clean
reg_soundtracks,reg_emo_mix,cross-domain,RF,0.25548002586729535,clean
reg_soundtracks,reg_emo_mix,cross-domain,XGBoost,0.2998339842541503,clean
reg_soundtracks,reg_emo_mix,cross-domain,GBDT,0.31713036635367203,clean
reg_soundtracks,reg_emo_mix,cross-domain,SVR,0.05768640935230074,clean
reg_soundtracks,reg_emo_mix,cross-domain,KNN,0.08694504463702707,clean
reg_soundtracks,reg_emo_mix,cross-domain,ElasticNet,0.2791509537172725,clean
reg_emo_mix,reg_deam,cross-domain,RF,0.3106191652698375,clean
reg_emo_mix,reg_deam,cross-domain,XGBoost,0.27951607224835423,clean
reg_emo_mix,reg_deam,cross-domain,GBDT,0.251538662879893,clean
reg_emo_mix,reg_deam,cross-domain,SVR,0.16997833020457223,clean
reg_emo_mix,reg_deam,cross-domain,KNN,-0.004666886623707527,clean
reg_emo_mix,reg_deam,cross-domain,ElasticNet,0.10558379325192753,clean
reg_emo_mix,reg_pmemo,cross-domain,RF,0.046777581083641835,clean
reg_emo_mix,reg_pmemo,cross-domain,XGBoost,-0.15415316056699593,clean
reg_emo_mix,reg_pmemo,cross-domain,GBDT,-0.09616464601778042,clean
reg_emo_mix,reg_pmemo,cross-domain,SVR,-0.08027030647576756,clean
reg_emo_mix,reg_pmemo,cross-domain,KNN,-0.34278320522506095,clean
reg_emo_mix,reg_pmemo,cross-domain,ElasticNet,-0.15632279244408176,clean
reg_emo_mix,reg_soundtracks,cross-domain,RF,0.20693777606182986,clean
reg_emo_mix,reg_soundtracks,cross-domain,XGBoost,0.23700372842362943,clean
reg_emo_mix,reg_soundtracks,cross-domain,GBDT,0.13301416187336904,clean
reg_emo_mix,reg_soundtracks,cross-domain,SVR,0.25878217683192856,clean
reg_emo_mix,reg_soundtracks,cross-domain,KNN,0.12501184088348533,clean
reg_emo_mix,reg_soundtracks,cross-domain,ElasticNet,-0.04270425760073129,clean
