variant,source,target,domain_match,method,rho,zero_shot,ceiling_median6,third_corpus,sham_valid,frac
published,reg_deam,reg_pmemo,same-domain,none,0.7553058447031793,0.7553058447031793,0.8014618867193,reg_soundtracks,False,0.0
published,reg_deam,reg_pmemo,same-domain,coral_diag,0.7725232863882383,0.7553058447031793,0.8014618867193,reg_soundtracks,False,0.3730268223398698
published,reg_deam,reg_pmemo,same-domain,coral,0.6133938019574593,0.7553058447031793,0.8014618867193,reg_soundtracks,False,-3.07461464516726
published,reg_deam,reg_pmemo,same-domain,coral_sham,0.7662675345564146,0.7553058447031793,0.8014618867193,reg_soundtracks,False,0.23749198099366456
published,reg_deam,reg_soundtracks,same-domain,none,0.7282884498887248,0.7282884498887248,0.8095739887974085,reg_pmemo,False,0.0
published,reg_deam,reg_soundtracks,same-domain,coral_diag,0.648259357452789,0.7282884498887248,0.8095739887974085,reg_pmemo,False,-0.9845428044198684
published,reg_deam,reg_soundtracks,same-domain,coral,0.6612305882032873,0.7282884498887248,0.8095739887974085,reg_pmemo,False,-0.8249666863963387
published,reg_deam,reg_soundtracks,same-domain,coral_sham,0.7105318651564767,0.7282884498887248,0.8095739887974085,reg_pmemo,False,-0.21844703216147496
published,reg_deam,reg_emo_mix,cross-domain,none,0.1930685350196608,0.1930685350196608,0.7436617760381423,reg_pmemo,True,0.0
published,reg_deam,reg_emo_mix,cross-domain,coral_diag,0.3011709358266598,0.1930685350196608,0.7436617760381423,reg_pmemo,True,0.19633804549985462
published,reg_deam,reg_emo_mix,cross-domain,coral,0.2553007941241161,0.1930685350196608,0.7436617760381423,reg_pmemo,True,0.11302764812248467
published,reg_deam,reg_emo_mix,cross-domain,coral_sham,0.21979107001394685,0.1930685350196608,0.7436617760381423,reg_pmemo,True,0.04853407743410544
published,reg_pmemo,reg_deam,same-domain,none,0.6750432662606609,0.6750432662606609,0.7238715050737321,reg_soundtracks,False,0.0
published,reg_pmemo,reg_deam,same-domain,coral_diag,0.6703016333165054,0.6750432662606609,0.7238715050737321,reg_soundtracks,False,-0.09710841634710372
published,reg_pmemo,reg_deam,same-domain,coral,0.564782872096012,0.6750432662606609,0.7238715050737321,reg_soundtracks,False,-2.2581276090411135
published,reg_pmemo,reg_deam,same-domain,coral_sham,0.478099989484616,0.6750432662606609,0.7238715050737321,reg_soundtracks,False,-4.033388906980681
published,reg_pmemo,reg_soundtracks,same-domain,none,0.6605144381558021,0.6605144381558021,0.8095739887974085,reg_deam,False,0.0
published,reg_pmemo,reg_soundtracks,same-domain,coral_diag,0.4975039192458876,0.6605144381558021,0.8095739887974085,reg_deam,False,-1.0935932532216697
published,reg_pmemo,reg_soundtracks,same-domain,coral,0.3486554701361516,0.6605144381558021,0.8095739887974085,reg_deam,False,-2.0921770304371403
published,reg_pmemo,reg_soundtracks,same-domain,coral_sham,0.4830857232117332,0.6605144381558021,0.8095739887974085,reg_deam,False,-1.190321010497827
published,reg_pmemo,reg_emo_mix,cross-domain,none,-0.043385390412224084,-0.043385390412224084,0.7436617760381423,reg_deam,True,0.0
published,reg_pmemo,reg_emo_mix,cross-domain,coral_diag,0.059810631936371,-0.043385390412224084,0.7436617760381423,reg_deam,True,0.13111796439597873
published,reg_pmemo,reg_emo_mix,cross-domain,coral,0.11981729256165206,-0.043385390412224084,0.7436617760381423,reg_deam,True,0.20736074015732853
published,reg_pmemo,reg_emo_mix,cross-domain,coral_sham,-0.12090396405569873,-0.043385390412224084,0.7436617760381423,reg_deam,True,-0.0984929200534301
published,reg_soundtracks,reg_deam,same-domain,none,0.6342821481738383,0.6342821481738383,0.7238715050737321,reg_pmemo,False,0.0
published,reg_soundtracks,reg_deam,same-domain,coral_diag,0.655536327011325,0.6342821481738383,0.7238715050737321,reg_pmemo,False,0.2372399978407692
published,reg_soundtracks,reg_deam,same-domain,coral,0.5932320486397312,0.6342821481738383,0.7238715050737321,reg_pmemo,False,-0.4582028597434409
published,reg_soundtracks,reg_deam,same-domain,coral_sham,0.6414046571924135,0.6342821481738383,0.7238715050737321,reg_pmemo,False,0.07950173173509616
published,reg_soundtracks,reg_pmemo,same-domain,none,0.40002635356976246,0.40002635356976246,0.8014618867193,reg_deam,False,0.0
published,reg_soundtracks,reg_pmemo,same-domain,coral_diag,0.5366811850817591,0.40002635356976246,0.8014618867193,reg_deam,False,0.340415384856058
published,reg_soundtracks,reg_pmemo,same-domain,coral,0.3007813335143722,0.40002635356976246,0.8014618867193,reg_deam,False,-0.24722529985510977
published,reg_soundtracks,reg_pmemo,same-domain,coral_sham,0.2544694829673138,0.40002635356976246,0.8014618867193,reg_deam,False,-0.3625908983702938
published,reg_soundtracks,reg_emo_mix,cross-domain,none,0.42837483990620606,0.42837483990620606,0.7436617760381423,reg_deam,True,0.0
published,reg_soundtracks,reg_emo_mix,cross-domain,coral_diag,0.38277237648607515,0.42837483990620606,0.7436617760381423,reg_deam,True,-0.14463797320497898
published,reg_soundtracks,reg_emo_mix,cross-domain,coral,0.3230443804366226,0.42837483990620606,0.7436617760381423,reg_deam,True,-0.33407809648512193
published,reg_soundtracks,reg_emo_mix,cross-domain,coral_sham,0.32666607526252417,0.42837483990620606,0.7436617760381423,reg_deam,True,-0.32259111617970887
published,reg_emo_mix,reg_deam,cross-domain,none,-0.04624560559957795,-0.04624560559957795,0.7238715050737321,reg_pmemo,False,0.0
published,reg_emo_mix,reg_deam,cross-domain,coral_diag,-0.06399887633603267,-0.04624560559957795,0.7238715050737321,reg_pmemo,False,-0.0230526896369477
published,reg_emo_mix,reg_deam,cross-domain,coral,0.2370895200792478,-0.04624560559957795,0.7238715050737321,reg_pmemo,False,0.3679117393341736
published,reg_emo_mix,reg_deam,cross-domain,coral_sham,0.13078848870631327,-0.04624560559957795,0.7238715050737321,reg_pmemo,False,0.22987944541462155
published,reg_emo_mix,reg_pmemo,cross-domain,none,-0.10431942330223157,-0.10431942330223157,0.8014618867193,reg_deam,False,0.0
published,reg_emo_mix,reg_pmemo,cross-domain,coral_diag,-0.3613238773359476,-0.10431942330223157,0.8014618867193,reg_deam,False,-0.2837378638642994
published,reg_emo_mix,reg_pmemo,cross-domain,coral,0.10788619794475353,-0.10431942330223157,0.8014618867193,reg_deam,False,0.23427909021653442
published,reg_emo_mix,reg_pmemo,cross-domain,coral_sham,0.12146057016839784,-0.10431942330223157,0.8014618867193,reg_deam,False,0.249265458419828
published,reg_emo_mix,reg_soundtracks,cross-domain,none,-0.07228896021802897,-0.07228896021802897,0.8095739887974085,reg_deam,False,0.0
published,reg_emo_mix,reg_soundtracks,cross-domain,coral_diag,0.25201689373560293,-0.07228896021802897,0.8095739887974085,reg_deam,False,0.36775085552205766
published,reg_emo_mix,reg_soundtracks,cross-domain,coral,0.3176041200082776,-0.07228896021802897,0.8095739887974085,reg_deam,False,0.4421243467157857
published,reg_emo_mix,reg_soundtracks,cross-domain,coral_sham,0.21423628027308744,-0.07228896021802897,0.8095739887974085,reg_deam,False,0.32490903582128
clean,reg_deam,reg_pmemo,same-domain,none,0.7553058447031793,0.7553058447031793,0.8014618867193,reg_soundtracks,False,0.0
clean,reg_deam,reg_pmemo,same-domain,coral_diag,0.7725232863882383,0.7553058447031793,0.8014618867193,reg_soundtracks,False,0.3730268223398698
clean,reg_deam,reg_pmemo,same-domain,coral,0.6133938019574593,0.7553058447031793,0.8014618867193,reg_soundtracks,False,-3.07461464516726
clean,reg_deam,reg_pmemo,same-domain,coral_sham,0.7662675345564146,0.7553058447031793,0.8014618867193,reg_soundtracks,False,0.23749198099366456
clean,reg_deam,reg_soundtracks,same-domain,none,0.7282884498887248,0.7282884498887248,0.8095739887974085,reg_pmemo,False,0.0
clean,reg_deam,reg_soundtracks,same-domain,coral_diag,0.648259357452789,0.7282884498887248,0.8095739887974085,reg_pmemo,False,-0.9845428044198684
clean,reg_deam,reg_soundtracks,same-domain,coral,0.6612305882032873,0.7282884498887248,0.8095739887974085,reg_pmemo,False,-0.8249666863963387
clean,reg_deam,reg_soundtracks,same-domain,coral_sham,0.7105318651564767,0.7282884498887248,0.8095739887974085,reg_pmemo,False,-0.21844703216147496
clean,reg_deam,reg_emo_mix,cross-domain,none,0.16830633564147424,0.16830633564147424,0.6458966544030678,reg_pmemo,True,0.0
clean,reg_deam,reg_emo_mix,cross-domain,coral_diag,0.23629888845381067,0.16830633564147424,0.6458966544030678,reg_pmemo,True,0.14236585236619373
clean,reg_deam,reg_emo_mix,cross-domain,coral,0.23223168254210516,0.16830633564147424,0.6458966544030678,reg_pmemo,True,0.13384975446401703
clean,reg_deam,reg_emo_mix,cross-domain,coral_sham,0.17770825103854127,0.16830633564147424,0.6458966544030678,reg_pmemo,True,0.019686151556519167
clean,reg_pmemo,reg_deam,same-domain,none,0.6750432662606609,0.6750432662606609,0.7238715050737321,reg_soundtracks,False,0.0
clean,reg_pmemo,reg_deam,same-domain,coral_diag,0.6703016333165054,0.6750432662606609,0.7238715050737321,reg_soundtracks,False,-0.09710841634710372
clean,reg_pmemo,reg_deam,same-domain,coral,0.564782872096012,0.6750432662606609,0.7238715050737321,reg_soundtracks,False,-2.2581276090411135
clean,reg_pmemo,reg_deam,same-domain,coral_sham,0.478099989484616,0.6750432662606609,0.7238715050737321,reg_soundtracks,False,-4.033388906980681
clean,reg_pmemo,reg_soundtracks,same-domain,none,0.6605144381558021,0.6605144381558021,0.8095739887974085,reg_deam,False,0.0
clean,reg_pmemo,reg_soundtracks,same-domain,coral_diag,0.4975039192458876,0.6605144381558021,0.8095739887974085,reg_deam,False,-1.0935932532216697
clean,reg_pmemo,reg_soundtracks,same-domain,coral,0.3486554701361516,0.6605144381558021,0.8095739887974085,reg_deam,False,-2.0921770304371403
clean,reg_pmemo,reg_soundtracks,same-domain,coral_sham,0.4830857232117332,0.6605144381558021,0.8095739887974085,reg_deam,False,-1.190321010497827
clean,reg_pmemo,reg_emo_mix,cross-domain,none,0.08531685165723459,0.08531685165723459,0.6458966544030678,reg_deam,True,0.0
clean,reg_pmemo,reg_emo_mix,cross-domain,coral_diag,0.24415288281993372,0.08531685165723459,0.6458966544030678,reg_deam,True,0.28334240795813215
clean,reg_pmemo,reg_emo_mix,cross-domain,coral,0.18803111347661175,0.08531685165723459,0.6458966544030678,reg_deam,True,0.1832286167219403
clean,reg_pmemo,reg_emo_mix,cross-domain,coral_sham,0.022982870354481714,0.08531685165723459,0.6458966544030678,reg_deam,True,-0.11119555324224746
clean,reg_soundtracks,reg_deam,same-domain,none,0.6342821481738383,0.6342821481738383,0.7238715050737321,reg_pmemo,False,0.0
clean,reg_soundtracks,reg_deam,same-domain,coral_diag,0.655536327011325,0.6342821481738383,0.7238715050737321,reg_pmemo,False,0.2372399978407692
clean,reg_soundtracks,reg_deam,same-domain,coral,0.5932320486397312,0.6342821481738383,0.7238715050737321,reg_pmemo,False,-0.4582028597434409
clean,reg_soundtracks,reg_deam,same-domain,coral_sham,0.6414046571924135,0.6342821481738383,0.7238715050737321,reg_pmemo,False,0.07950173173509616
clean,reg_soundtracks,reg_pmemo,same-domain,none,0.40002635356976246,0.40002635356976246,0.8014618867193,reg_deam,False,0.0
clean,reg_soundtracks,reg_pmemo,same-domain,coral_diag,0.5366811850817591,0.40002635356976246,0.8014618867193,reg_deam,False,0.340415384856058
clean,reg_soundtracks,reg_pmemo,same-domain,coral,0.3007813335143722,0.40002635356976246,0.8014618867193,reg_deam,False,-0.24722529985510977
clean,reg_soundtracks,reg_pmemo,same-domain,coral_sham,0.2544694829673138,0.40002635356976246,0.8014618867193,reg_deam,False,-0.3625908983702938
clean,reg_soundtracks,reg_emo_mix,cross-domain,none,0.311894851592429,0.311894851592429,0.6458966544030678,reg_deam,True,0.0
clean,reg_soundtracks,reg_emo_mix,cross-domain,coral_diag,0.2970103651820021,0.311894851592429,0.6458966544030678,reg_deam,True,-0.04456409002937525
clean,reg_soundtracks,reg_emo_mix,cross-domain,coral,0.2345673002383606,0.311894851592429,0.6458966544030678,reg_deam,True,-0.23151836518052882
clean,reg_soundtracks,reg_emo_mix,cross-domain,coral_sham,0.20125970632944998,0.311894851592429,0.6458966544030678,reg_deam,True,-0.3312411619697253
clean,reg_emo_mix,reg_deam,cross-domain,none,0.01974316381330145,0.01974316381330145,0.7238715050737321,reg_pmemo,False,0.0
clean,reg_emo_mix,reg_deam,cross-domain,coral_diag,-0.020182850398023488,0.01974316381330145,0.7238715050737321,reg_pmemo,False,-0.056702751290844296
clean,reg_emo_mix,reg_deam,cross-domain,coral,0.24441725202923753,0.01974316381330145,0.7238715050737321,reg_pmemo,False,0.3190811604227667
clean,reg_emo_mix,reg_deam,cross-domain,coral_sham,0.2217286065547039,0.01974316381330145,0.7238715050737321,reg_pmemo,False,0.28685884505065756
clean,reg_emo_mix,reg_pmemo,cross-domain,none,-0.14704857596031531,-0.14704857596031531,0.8014618867193,reg_deam,False,0.0
clean,reg_emo_mix,reg_pmemo,cross-domain,coral_diag,-0.36153127029434656,-0.14704857596031531,0.8014618867193,reg_deam,False,-0.22612580754048942
clean,reg_emo_mix,reg_pmemo,cross-domain,coral,0.1543450535963325,-0.14704857596031531,0.8014618867193,reg_deam,False,0.317754670523283
clean,reg_emo_mix,reg_pmemo,cross-domain,coral_sham,0.09089788493794433,-0.14704857596031531,0.8014618867193,reg_deam,False,0.2508632959367075
clean,reg_emo_mix,reg_soundtracks,cross-domain,none,-0.06301438615237591,-0.06301438615237591,0.8095739887974085,reg_deam,False,0.0
clean,reg_emo_mix,reg_soundtracks,cross-domain,coral_diag,0.1231128439544112,-0.06301438615237591,0.8095739887974085,reg_deam,False,0.2133047327355219
clean,reg_emo_mix,reg_soundtracks,cross-domain,coral,0.2800225157290673,-0.06301438615237591,0.8095739887974085,reg_deam,False,0.39312568414767646
clean,reg_emo_mix,reg_soundtracks,cross-domain,coral_sham,0.1450131163424065,-0.06301438615237591,0.8095739887974085,reg_deam,False,0.23840278929541545
