subject,active,passive,inter,se_active,se_passive,se_inter,n_active,n_passive,mod
sub-AB10,0.10448270334958883,-0.10049690643448023,0.20497960978406904,0.0369187104592016,0.09324566136485492,0.10028830712171563,227,29,pupil
sub-AB11,0.13187643038563465,-0.10411724769449679,0.23599367808013144,0.02930620380381552,0.05440790554466792,0.06179865505938036,224,28,pupil
sub-AB12,0.1762748451577564,-0.05640066118841585,0.23267550634617226,0.039713119045804435,0.40536843879857454,0.4073091000681668,177,13,pupil
sub-AB13,0.028326843242199015,0.053662633218825,-0.025335789976625986,0.026624526110278168,0.0982665145823195,0.10180949503240891,237,29,pupil
sub-AB14,0.06692987104084612,-0.031032828364763565,0.09796269940560969,0.03202755623123346,0.07217327656147618,0.07896040911598766,161,20,pupil
sub-AB15,0.07914978027077683,0.10981983674668144,-0.03067005647590461,0.02280690077053015,0.06600423705950968,0.06983347358226397,232,30,pupil
sub-AB16,0.13476293308057577,0.05882346845624648,0.0759394646243293,0.031212089730176938,0.0825618921527237,0.08826471877915092,240,27,pupil
sub-AB17,0.15542225403006335,0.045940942296882385,0.10948131173318096,0.022903214241491058,0.06776282296278228,0.0715287172992569,218,30,pupil
sub-AB19,0.026075333858131187,0.0552014769701643,-0.029126143112033116,0.02872790508523703,0.06532148856565057,0.07135957818694562,238,29,pupil
sub-AB20,0.11089236828019111,0.12200360884856262,-0.011111240568371511,0.019371289389133847,0.041967673607278336,0.046222640346529495,220,30,pupil
sub-AB21,0.09404591292866729,0.12949497269034377,-0.03544905976167648,0.022423990610001866,0.04746617406007835,0.052496409732277,237,30,pupil
sub-AB22,0.06531752955670869,-0.0052755423818537095,0.0705930719385624,0.020122964920045082,0.03207665234238553,0.037866150354474,200,30,pupil
sub-AB23,0.15293584802883703,0.004174600423607549,0.1487612476052295,0.02005469363798482,0.03888093423301568,0.043748346068686064,231,29,pupil
sub-AB25,0.023048044714448372,-0.17402202538963882,0.1970700701040872,0.033504414675522884,0.18671129876685577,0.18969358157290264,200,25,pupil
sub-AB26,0.11545406728829007,0.1291689275384104,-0.013714860250120323,0.032349628167092706,0.15511599950482372,0.15845337404085036,238,10,pupil
sub-AB28,0.16581638124520687,0.01589649566816555,0.1499198855770413,0.027866548484015236,0.10348854112065228,0.10717472961334173,238,29,pupil
sub-AB31,0.10347599787450838,-0.10230874233417911,0.20578474020868748,0.027922058360097035,0.07049204313163168,0.07582064025010925,240,30,pupil
sub-AB32,0.0814071741935143,-0.0027641765587529355,0.08417135075226724,0.021047020685587624,0.0631478780143939,0.06656298954719751,237,25,pupil
sub-AB33,0.11231636091888567,-0.0024674676101431796,0.11478382852902884,0.019142970619271962,0.04123371276702483,0.04546066863436807,238,28,pupil
sub-AB34,0.12742270796427874,-0.060725303790798685,0.18814801175507742,0.022960268793371794,0.05843090717503717,0.06278013106359123,240,30,pupil
sub-AB35,0.08490910330261464,0.0496685566491277,0.03524054665348694,0.015357412256703024,0.028519090122295417,0.03239118109340782,239,30,pupil
sub-AB36,0.09302977925012645,0.08375399918751918,0.009275780062607278,0.03315506707582826,0.17484439388466383,0.17796016561494357,238,28,pupil
sub-AB37,0.11296917093704034,-0.005722323990112834,0.11869149492715318,0.018533350665146633,0.0422676936486129,0.046152389030799726,239,30,pupil
sub-AB4,0.15355913962649567,-0.13938479472302706,0.2929439343495227,0.04717389248773392,0.10493138754167924,0.11504769543048812,237,29,pupil
sub-AB41,0.07640407533392406,0.08167577245475938,-0.00527169712083532,0.019510897966214993,0.08858526086059919,0.09070845374709272,236,21,pupil
sub-AB42,0.07867312175134865,0.019956898118342316,0.05871622363300633,0.02312775712617745,0.07699198067416081,0.0803906601404529,236,29,pupil
sub-AB43,0.1996157891385149,0.0908545400058467,0.10876124913266821,0.018463773834215668,0.03824118824709899,0.04246527313877928,234,30,pupil
sub-AB44,0.03521566745952005,0.08389389959414796,-0.04867823213462791,0.02918088074567772,0.07664645637812051,0.08201343229262262,238,30,pupil
sub-AB45,0.1333113003965396,0.08383461669947012,0.04947668369706948,0.02689685612401197,0.07873208727759307,0.08319965406443906,239,29,pupil
sub-AB46,0.1302919067596595,0.034576585750643714,0.09571532100901578,0.049755332202896976,0.09923775325517513,0.11101227298706959,236,30,pupil
sub-AB47,0.20842833230240712,0.02964096476029886,0.17878736754210825,0.019129679206881387,0.04333583355950822,0.04737023429175318,240,28,pupil
sub-AB48,0.05220163062722673,-0.08346875050069376,0.1356703811279205,0.024506868966389293,0.07490872626892195,0.07881563231851949,237,29,pupil
sub-AB49,0.10109981399106932,-0.058976770265632396,0.1600765842567017,0.018253312538301775,0.041090149400348566,0.04496202615945917,236,29,pupil
sub-AB50,0.15140579434512066,-0.07187467992818548,0.22328047427330616,0.032407556246850086,0.08179533693413978,0.08798140056888276,239,30,pupil
sub-AB51,0.17559788237154916,0.02699979837879122,0.14859808399275795,0.025437843230993202,0.061501461977462875,0.06655459182963935,232,28,pupil
sub-AB52,0.14938698786781432,-0.03859177094629604,0.18797875881411036,0.018123280294380047,0.04526737345446696,0.04876052079392553,234,22,pupil
sub-AB53,0.08600664348645197,-0.00048625749643437395,0.08649290098288634,0.04826033270680542,0.16926814843170176,0.17601353864537858,236,29,pupil
sub-AB54,0.13491396623497207,-0.24369637032915034,0.3786103365641224,0.03342820708665134,0.12134066791422142,0.1258610452796949,238,28,pupil
sub-AB55,0.13093955743924,-0.02313322631816507,0.15407278375740507,0.033022574921914474,0.038921227421575985,0.0510426527374459,235,29,pupil
sub-AB56,0.1820853912028684,0.08320772763637402,0.09887766356649438,0.04441563392085334,0.14025644709024712,0.14712110483193955,240,29,pupil
sub-AB57,0.15539182882631536,0.004014692451703693,0.15137713637461167,0.015254057283763129,0.035207863795101026,0.03837030018947875,239,30,pupil
sub-AB58,0.10547298932396085,-0.061160343341006826,0.16663333266496766,0.01877418093461241,0.047667513991297435,0.0512314528378427,233,29,pupil
sub-AB59,0.03253083821159342,0.03160359806988579,0.0009272401417076345,0.03199857407741018,0.13403624703034467,0.13780284561999104,206,18,pupil
sub-AB60,0.06732951280275554,0.0893662109928247,-0.022036698190069162,0.04210942816504201,0.06514942791536779,0.07757352575516042,159,27,pupil
sub-AB61,0.06297185640218811,-0.01439318546930878,0.07736504187149688,0.011692687317080204,0.0265220781550853,0.02898516114082275,238,30,pupil
sub-AB62,0.08373866261718847,0.17851210049756483,-0.09477343788037636,0.027152170519444987,0.1011970894545804,0.10477638702491782,238,29,pupil
sub-AB63,0.04737095698491223,-0.013193612415394879,0.060564569400307106,0.02013121667435035,0.030167360131097623,0.03626755439878708,225,28,pupil
sub-AB64,0.15769337133458478,0.19757269252599707,-0.0398793211914123,0.023940840339390774,0.09080946869456291,0.09391231783288602,202,15,pupil
sub-AB65,0.1280473597754126,0.008233515022479404,0.11981384475293319,0.011927863971547652,0.023053787305755854,0.025956714893506348,240,30,pupil
sub-AB66,0.15404456154899998,0.05305843468004193,0.10098612686895805,0.026520706838083826,0.06537343009894186,0.07054809178208028,239,29,pupil
sub-AB67,0.16381083902641655,-0.24084919592150814,0.4046600349479247,0.04919408280454588,0.15574897565697188,0.1633334050375995,135,21,pupil
sub-AB68,0.16060942009804652,-0.09793611261567851,0.25854553271372505,0.038497217412566384,0.05653476309974436,0.06839747939255233,236,29,pupil
sub-AB69,0.05948828439424641,0.23654677077362302,-0.1770584863793766,0.05488421780196391,0.2688067193666126,0.27435256466884766,172,19,pupil
sub-AB7,0.12302047117583294,-0.12085567665768489,0.24387614783351783,0.028633130240535393,0.058713131268848716,0.06532295102614795,235,28,pupil
sub-AB70,0.11020774294146707,0.025020050084465274,0.0851876928570018,0.01284701079876813,0.01798744287459381,0.022104157700089833,239,29,pupil
sub-AB71,0.050526871499830636,0.017587063115213238,0.032939808384617394,0.007909055331444469,0.015319366907615435,0.017240538236551462,232,28,pupil
sub-AB72,0.05907149126505433,0.0028658874379822266,0.056205603827072105,0.02666566104174765,0.08355580956799429,0.08770764385933705,238,30,pupil
sub-AB73,-0.006630029420045916,0.044682927177688056,-0.05131295659773397,0.041955899161415317,0.051341696400696885,0.06630435327898299,240,30,pupil
sub-AB74,0.09422873376274474,-0.02714034285808941,0.12136907662083415,0.022753446332621975,0.05624481758397688,0.06067288377081102,239,29,pupil
sub-AB75,0.16520073555085255,0.05986117586002509,0.10533955969082745,0.022265372523884008,0.0900916927008449,0.09280226240416123,238,25,pupil
sub-AB76,0.2040842870460661,-0.10541044178866632,0.3094947288347324,0.040660773952673264,0.13626603746986568,0.14220313465662152,227,28,pupil
sub-AB77,0.17497914422301372,-0.029267428665310347,0.20424657288832407,0.04002756371292711,0.05660018563184504,0.0693237828623897,240,30,pupil
sub-AB78,0.1342422382279733,0.08853568578947073,0.045706552438502565,0.03596652435060443,0.10458446685668188,0.11059611919755147,237,30,pupil
sub-AB79,0.022478793802977095,-0.13148146407079103,0.15396025787376813,0.02681660634450661,0.06251755670017006,0.06802628368208284,237,28,pupil
sub-AB8,0.06354041091124685,0.05363691918679557,0.009903491724451277,0.032104667984765134,0.07345968988942554,0.08016879533248938,233,29,pupil
sub-AB80,0.1444845802937982,0.011976243370134159,0.13250833692366404,0.04601191547250913,0.13401142979956246,0.14169036552416817,234,29,pupil
sub-AB81,0.11633214440116804,-0.08795968919237761,0.20429183359354564,0.03665750783922063,0.11688386412327847,0.12249739006759101,223,28,pupil
sub-AB82,0.231911621564505,-0.10557182886001222,0.3374834504245172,0.030225642264757616,0.09192484954069907,0.09676656144245938,233,27,pupil
sub-AB83,0.2785911459248882,-0.03895788835871177,0.3175490342836,0.02861678783273476,0.08166739484867265,0.08653602675899073,234,24,pupil
sub-AB84,0.11342509134461755,-0.03145263856796061,0.14487772991257816,0.023202222017134712,0.06584204408731045,0.0698105857025118,239,29,pupil
sub-AB85,0.0604925838705725,0.01253841251621359,0.04795417135435891,0.025500844370208095,0.03346948028911427,0.04207729998962603,238,30,pupil
sub-AB86,0.07406991872964508,-0.08057232174447766,0.15464224047412273,0.027082844701254157,0.07610851167806462,0.08078357523013172,217,23,pupil
sub-AB9,0.1430958756238704,-0.01843865857935374,0.16153453420322414,0.0350468317212354,0.0752692840751622,0.08302858266214146,207,30,pupil
