kind,mod,effect,mean,p,n,tau,ci_lo,ci_hi,sigma_star,ratio,beta,rho_age,young,older
group,eeg,active,-5.613000514087854,0.0001999600079984003,75.0,,,,,,,,,
group,eeg,passive,-5.6950350199227975,0.0001999600079984003,75.0,,,,,,,,,
group,eeg,inter,0.08203450583494232,0.8044391121775645,75.0,,,,,,,,,
group,hr,active,-0.8309644546560933,0.0001999600079984003,75.0,,,,,,,,,
group,hr,passive,0.07933841819527415,0.29934013197360526,75.0,,,,,,,,,
group,hr,inter,-0.9103028728513674,0.0001999600079984003,75.0,,,,,,,,,
group,pupil,active,0.11316894212767552,0.0001999600079984003,73.0,,,,,,,,,
group,pupil,passive,-2.361607816758698e-05,0.9986002799440112,73.0,,,,,,,,,
group,pupil,inter,0.11319255820584308,0.0001999600079984003,73.0,,,,,,,,,
tau,eeg,active,,,,2.434395102447452,2.0297871516828847,2.953783926899069,0.9165827229663849,2.655946966323881,-5.599391674024766,,,
tau,eeg,inter,,,,1.0957920497910794,0.0,1.9617893012750858,2.3681812885277047,0.4627145966820521,0.5074226223577599,,,
tau,hr,active,,,,0.6754888713128727,0.5485739166192001,0.8343272196427898,0.2897633475855042,2.3311743080741,-0.8006031857998304,,,
tau,hr,inter,,,,0.5710616413988759,0.3937965137576739,0.7914974912181374,0.7086296707509885,0.805867528512712,-0.7400163921071337,,,
tau,pupil,active,,,,0.04535692644806319,0.03621549428532633,0.05691586527005537,0.027082844701254157,1.6747474996953622,0.11225575638810693,,,
tau,pupil,inter,,,,0.054098218653154846,0.03242394148852497,0.07949395589697514,0.07757352575516042,0.6973799131407414,0.10727006444316112,,,
age,eeg,,,,,,,,,,,0.003719810205961491,-0.07885411594092148,0.23054707978189354
age,hr,,,,,,,,,,,0.21218595535001789,-1.0969183258413204,-0.7380424547067953
age,pupil,,,,,,,,,,,-0.03678380582238456,0.12249501582436785,0.10462450513614924
