test,cell,n,tau,tau_true,tau_hat,source,tau_raw,tau_null,tau_corrected,ci_hi_corrected,n_star_raw,n_star_corrected,below_null
empirical,pleasant,8,0.2668588711740929,,,,,,,,,,
empirical,pleasant,10,0.23407667069275978,,,,,,,,,,
empirical,pleasant,12,0.20781725085693023,,,,,,,,,,
empirical,pleasant,14,0.19602378145860602,,,,,,,,,,
empirical,pleasant,18,0.17266975998381257,,,,,,,,,,
empirical,pleasant,24,0.15413266132923065,,,,,,,,,,
empirical,pleasant,32,0.1409770155234825,,,,,,,,,,
empirical,pleasant,44,0.13269226587331934,,,,,,,,,,
empirical,eventful,8,0.27697505806779044,,,,,,,,,,
empirical,eventful,10,0.25371636762507155,,,,,,,,,,
empirical,eventful,12,0.22745278138115993,,,,,,,,,,
empirical,eventful,14,0.20767404420342742,,,,,,,,,,
empirical,eventful,18,0.1948188188687292,,,,,,,,,,
empirical,eventful,24,0.17158414941926897,,,,,,,,,,
empirical,eventful,32,0.1654839124968776,,,,,,,,,,
empirical,eventful,44,0.15932353383526812,,,,,,,,,,
simulation,,8,,0.0,0.22501759539188015,,,,,,,,
simulation,,10,,0.0,0.17598565253576165,,,,,,,,
simulation,,12,,0.0,0.13842142439816413,,,,,,,,
simulation,,14,,0.0,0.12362103404183922,,,,,,,,
simulation,,18,,0.0,0.10466046340364155,,,,,,,,
simulation,,24,,0.0,0.07409561410295025,,,,,,,,
simulation,,32,,0.0,0.05279934971302627,,,,,,,,
simulation,,44,,0.0,0.03912289195141183,,,,,,,,
simulation,,8,,0.05,0.22959802894430525,,,,,,,,
simulation,,10,,0.05,0.17626704918848424,,,,,,,,
simulation,,12,,0.05,0.15580891543622688,,,,,,,,
simulation,,14,,0.05,0.13654340531601955,,,,,,,,
simulation,,18,,0.05,0.1087253221900771,,,,,,,,
simulation,,24,,0.05,0.0862036848432984,,,,,,,,
simulation,,32,,0.05,0.06630782153187326,,,,,,,,
simulation,,44,,0.05,0.06404747976148914,,,,,,,,
simulation,,8,,0.1,0.23718315985943744,,,,,,,,
simulation,,10,,0.1,0.1915983232816247,,,,,,,,
simulation,,12,,0.1,0.165300450562514,,,,,,,,
simulation,,14,,0.1,0.1556311909504086,,,,,,,,
simulation,,18,,0.1,0.13424907998088514,,,,,,,,
simulation,,24,,0.1,0.11948428896253582,,,,,,,,
simulation,,32,,0.1,0.11212618202398766,,,,,,,,
simulation,,44,,0.1,0.1061415544765849,,,,,,,,
simulation,,8,,0.15,0.26142375623792796,,,,,,,,
simulation,,10,,0.15,0.22273656752336862,,,,,,,,
simulation,,12,,0.15,0.2001918198401744,,,,,,,,
simulation,,14,,0.15,0.1874854958125935,,,,,,,,
simulation,,18,,0.15,0.17618972734180438,,,,,,,,
simulation,,24,,0.15,0.16374989936042142,,,,,,,,
simulation,,32,,0.15,0.15816173056164004,,,,,,,,
simulation,,44,,0.15,0.15277330633299174,,,,,,,,
simulation,,8,,0.2,0.29099386305688013,,,,,,,,
simulation,,10,,0.2,0.2579900736013574,,,,,,,,
simulation,,12,,0.2,0.24962499091877796,,,,,,,,
simulation,,14,,0.2,0.2262723351934235,,,,,,,,
simulation,,18,,0.2,0.21299696808430374,,,,,,,,
simulation,,24,,0.2,0.2119698487341683,,,,,,,,
simulation,,32,,0.2,0.20413082509789612,,,,,,,,
simulation,,44,,0.2,0.20500565774795348,,,,,,,,
corrected,Navg_r,44,,,,`99` ARAUS pleasant,0.1327527605286223,0.03912289195141183,0.12685698543370758,0.1413554739011909,50.533523627777434,55.33984392045004,False
corrected,Savg_r,44,,,,`99` ARAUS pleasant,0.09715415711998,0.03912289195141183,0.08892878932635885,0.10659997479438489,112.46905278361292,134.23663423305797,False
corrected,Ravg_r,44,,,,`99` ARAUS pleasant,0.1503168757971056,0.03912289195141183,0.1451363582110307,0.1612621703441633,54.47432400518567,58.43255656628916,False
corrected,Favg_r,44,,,,`99` ARAUS pleasant,0.1252162787925436,0.03912289195141183,0.11894753381222395,0.1396310973011637,105.6277073631756,117.05461902205306,False
corrected,smr,21,,,,`99` ARAUS pleasant,0.0841357913278124,,0.0841357913278124,0.1076784433030088,120.88503657754403,120.88503657754403,False
corrected,Navg_r,44,,,,`99` ARAUS eventful,0.159395783066798,0.03912289195141183,0.15451995011918648,0.1695506333249402,34.60575723161131,36.82416378045193,False
corrected,Savg_r,44,,,,`99` ARAUS eventful,0.0902105002680514,0.03912289195141183,0.0812855072197391,0.09936262843619004,130.64895701670562,160.91402176380083,False
corrected,Ravg_r,44,,,,`99` ARAUS eventful,0.1948205917869819,0.03912289195141183,0.19085193818661628,0.207533738478697,34.133500087251164,35.56783171354621,False
corrected,Favg_r,44,,,,`99` ARAUS eventful,0.1796790470016931,0.03912289195141183,0.1753680679507954,0.1960234562060481,49.22146648895617,51.67118066025306,False
corrected,EDA scr_rate ~ rms_mea,18,,,,`93` 生理（PMEmo 皮电）,0.1319897890099022,0.10466046340364155,0.08042071749874845,0.1336256197026,65.58563772160285,176.66622455904294,False
corrected,EDA scr_rate ~ onset_e,18,,,,`93` 生理（PMEmo 皮电）,0.1488350376479313,0.10466046340364155,0.10582086671255407,0.14979244510542342,51.12396510838508,101.13285429155896,False
corrected,EDA scr_rate ~ chroma_,18,,,,`93` 生理（PMEmo 皮电）,0.1368252616720225,0.10466046340364155,0.08813251177489745,0.13484393441843012,55.034326714771474,132.6459324863271,False
corrected,EDA scr_rate ~ roughne,18,,,,`93` 生理（PMEmo 皮电）,0.066813990937011,0.10466046340364155,0.0,0.04538848795455643,233.61951606750787,inf,True
corrected,EDA scr_rate ~ mode_sc,18,,,,`93` 生理（PMEmo 皮电）,0.1058050302975189,0.10466046340364155,0.01552069059010913,0.10041869880448502,95.48116533265743,4437.192397756683,False
corrected,EDA phasic_mean ~ rms_,18,,,,`93` 生理（PMEmo 皮电）,0.1196502594210012,0.10466046340364155,0.05798596364334989,0.11825043156146767,80.01375604450901,340.6796473938201,False
corrected,EDA phasic_mean ~ onse,18,,,,`93` 生理（PMEmo 皮电）,0.0698196884758437,0.10466046340364155,0.0,0.05134411244517349,234.11413722114438,inf,True
corrected,EDA phasic_mean ~ chro,18,,,,`93` 生理（PMEmo 皮电）,0.0874582592681563,0.10466046340364155,0.0,0.06863910527051961,135.6706520232797,inf,True
corrected,EDA phasic_mean ~ roug,18,,,,`93` 生理（PMEmo 皮电）,0.1100356881254936,0.10466046340364155,0.03397116514613386,0.10411860748904361,85.7410117670521,899.569756924497,False
corrected,EDA phasic_mean ~ mode,18,,,,`93` 生理（PMEmo 皮电）,0.1077047980031531,0.10466046340364155,0.02542657887005286,0.10269221063643114,97.48618830105772,1749.1913895512287,False
corrected,EDA scl_slope ~ rms_me,18,,,,`93` 生理（PMEmo 皮电）,0.0500552249828055,0.10466046340364155,0.0,0.0,461.04888220110786,inf,True
corrected,EDA scl_slope ~ onset_,18,,,,`93` 生理（PMEmo 皮电）,0.0853414086313151,0.10466046340364155,0.0,0.07159299346709411,157.1137265827547,inf,True
corrected,EDA scl_slope ~ chroma,18,,,,`93` 生理（PMEmo 皮电）,0.070844386860435,0.10466046340364155,0.0,0.047330923812480566,206.42054359857755,inf,True
corrected,EDA scl_slope ~ roughn,18,,,,`93` 生理（PMEmo 皮电）,0.0781524348956022,0.10466046340364155,0.0,0.06144625332594829,170.84661454540873,inf,True
corrected,EDA scl_slope ~ mode_s,18,,,,`93` 生理（PMEmo 皮电）,0.120504141806267,0.10466046340364155,0.05972801346604385,0.11517338649121645,78.18361135018583,318.2464253466314,False
corrected,评分 Arousal ~ rms_mean,44,,,,`93` 主观（DEAM 评分）,0.0682017996661981,0.03912289195141183,0.055864879871582784,0.09243194222192681,227.84014614858611,339.5816244187488,False
corrected,评分 Arousal ~ onset_env,44,,,,`93` 主观（DEAM 评分）,0.105940237277854,0.03912289195141183,0.09845167951765049,0.13247632420300964,71.38618232193284,82.65893032492028,False
corrected,评分 Arousal ~ chroma_fl,44,,,,`93` 主观（DEAM 评分）,0.0676677092403734,0.03912289195141183,0.05521157667734069,0.09256534212931022,210.26452679084628,315.8411121499481,False
corrected,评分 Arousal ~ roughness,44,,,,`93` 主观（DEAM 评分）,0.1009878127352808,0.03912289195141183,0.09310175963113855,0.13171110867182512,94.5825158706015,111.28407378510175,False
corrected,评分 Arousal ~ mode_scor,44,,,,`93` 主观（DEAM 评分）,0.0489794116974918,0.03912289195141183,0.029468323596542643,0.0769808331186578,414.58661021947773,1145.3323827562372,False
corrected,评分 Valence ~ rms_mean,44,,,,`93` 主观（DEAM 评分）,0.0640196757174811,0.03912289195141183,0.05067463077645061,0.08559082808953868,259.9847541606228,414.94796110542154,False
corrected,评分 Valence ~ onset_env,44,,,,`93` 主观（DEAM 评分）,0.1206645121861641,0.03912289195141183,0.11414606356104927,0.15348269190665864,55.01593302272539,61.478848928574315,False
corrected,评分 Valence ~ chroma_fl,44,,,,`93` 主观（DEAM 评分）,0.0865638811410944,0.03912289195141183,0.07721855245708556,0.1131725916103751,130.00241414997765,163.37347443609553,False
corrected,评分 Valence ~ roughness,44,,,,`93` 主观（DEAM 评分）,0.0798637344036878,0.03912289195141183,0.06962481883826299,0.10768072488515436,152.83593394370007,201.0928116835606,False
corrected,评分 Valence ~ mode_scor,44,,,,`93` 主观（DEAM 评分）,0.0570083423528303,0.03912289195141183,0.04146505062309295,0.08680687353426972,305.5636819099929,577.5826789528652,False
