,top15_frequency
spec_flatness_std,1.0
zcr_std,1.0
onset_env_std,1.0
onset_env_dmean,1.0
rms_mean,1.0
f0_p10,1.0
onset_env_p10,0.9
rms_std,0.7
harsh_energy_ratio,0.7
mfcc8_mean,0.7
mfcc2_mean,0.6
f0_std,0.6
spec_bandwidth_dmean,0.5
spec_centroid_std,0.4
rms_p50,0.4
spec_bandwidth_std,0.4
mfcc7_mean,0.4
mfcc1_std,0.4
spec_contrast0_dmean,0.4
mfcc6_std,0.3
spec_contrast6_std,0.3
spec_contrast5_p10,0.3
mfcc4_std,0.2
spec_flatness_dmean,0.1
mfcc5_mean,0.1
spec_contrast3_dmean,0.1
zcr_p50,0.1
low_energy_ratio,0.1
mfcc11_mean,0.1
rms_p90,0.1
onset_env_p90,0.1
spec_contrast0_std,0.0
spec_contrast0_p50,0.0
spec_contrast0_p90,0.0
spec_contrast1_p90,0.0
spec_contrast0_mean,0.0
spec_bandwidth_p90,0.0
spec_contrast0_p10,0.0
spec_contrast1_mean,0.0
spec_contrast1_std,0.0
spec_centroid_p10,0.0
spec_centroid_dmean,0.0
spec_rolloff_p50,0.0
spec_rolloff_p10,0.0
spec_rolloff_std,0.0
spec_rolloff_mean,0.0
spec_flatness_mean,0.0
spec_flatness_p10,0.0
spec_rolloff_dmean,0.0
spec_rolloff_p90,0.0
spec_flatness_p90,0.0
spec_flatness_p50,0.0
spec_bandwidth_p10,0.0
spec_bandwidth_mean,0.0
spec_bandwidth_p50,0.0
spec_centroid_p50,0.0
spec_centroid_p90,0.0
spec_centroid_mean,0.0
spec_contrast5_p50,0.0
spec_contrast5_std,0.0
spec_contrast5_mean,0.0
spec_contrast4_dmean,0.0
spec_contrast4_p50,0.0
spec_contrast4_p90,0.0
spec_contrast4_p10,0.0
spec_contrast4_std,0.0
spec_contrast3_std,0.0
spec_contrast4_mean,0.0
spec_contrast3_p90,0.0
spec_contrast3_p50,0.0
spec_contrast3_mean,0.0
spec_contrast3_p10,0.0
spec_contrast2_p90,0.0
spec_contrast2_dmean,0.0
spec_contrast1_p50,0.0
spec_contrast1_p10,0.0
spec_contrast2_p50,0.0
spec_contrast2_p10,0.0
spec_contrast2_std,0.0
spec_contrast2_mean,0.0
spec_contrast1_dmean,0.0
spec_contrast6_p50,0.0
zcr_mean,0.0
rms_dmean,0.0
rms_p10,0.0
spec_contrast6_mean,0.0
spec_contrast6_p10,0.0
spec_contrast6_dmean,0.0
spec_contrast5_dmean,0.0
spec_contrast5_p90,0.0
pulse_clarity,0.0
f0_mean,0.0
onset_rate,0.0
tempo,0.0
zcr_dmean,0.0
zcr_p90,0.0
onset_env_mean,0.0
onset_env_p50,0.0
zcr_p10,0.0
spec_contrast6_p90,0.0
f0_dmean,0.0
mfcc1_mean,0.0
mfcc3_mean,0.0
mfcc2_std,0.0
f0_p50,0.0
f0_p90,0.0
mfcc5_std,0.0
mfcc6_mean,0.0
mfcc4_mean,0.0
mfcc3_std,0.0
mfcc9_mean,0.0
mfcc9_std,0.0
mfcc8_std,0.0
mfcc7_std,0.0
mfcc10_std,0.0
mfcc10_mean,0.0
mfcc11_std,0.0
mfcc12_mean,0.0
mfcc13_mean,0.0
mfcc12_std,0.0
slope_1f,0.0
mfcc13_std,0.0
