workerID,n,rho_group_model,rho_personal_model,rho_deviation_model,rating_mean,rating_sd
00de940f0b5cfc82cca4791199e3bfb3,533,0.6250601709596648,0.5837748146009611,0.3779446380030281,3.4634146341463414,1.295494128975449
0c37993dcf5f99f7b00d02495ed01bc3,195,0.7441841186003926,0.4695381404701781,-0.2070853786904884,5.4,1.5604075733191616
1ac10b86ba5ac18e06eea9f9954ab216,147,0.6725432875982871,0.4634349683771068,0.3275874796216811,5.217687074829932,1.6475791633049832
20c7d1ee0615a09b0bac9438cc8325e2,51,0.8168308829892421,0.2842918147461568,-0.10334212291224144,5.176470588235294,1.5929487067913648
24ebcf86498b0f2793b55c5b9a7756b5,148,0.7971735373481391,0.5681343407173605,0.08906406581035889,4.9391891891891895,1.551922745322941
259443e9cad56b4f68b664daa20cb323,189,0.5868177999013863,0.47308637467382625,0.1566289971928978,6.031746031746032,2.015560530711108
28b56a449c99c88e1f9fff59d0f16aac,44,0.4372812106987591,-0.34480503671778906,-0.19390780126427704,4.954545454545454,1.664530311236414
2afd218c3aecb6828d2be327f8b9c46f,481,0.7857028948180621,0.5899500590171013,0.03362484971064422,4.588357588357589,1.2457785703530706
2c5952c4f931410e9010eb87c276020d,45,0.8146928469252652,0.7717264835839377,0.7669338334809451,4.644444444444445,2.202579856598021
2db8293d2a35a17f16ddf8e97122ec11,162,0.7702598671220864,0.5368411833125051,0.06760939571594975,5.185185185185185,1.5917310331069847
46a2289decf79f747406fa91cd92fc27,240,0.41619301539811326,0.20330041312329836,0.30018147364035397,4.954166666666667,1.469829685900906
490951556961e4b88fe1a3ac53b3b186,192,0.5872454510368449,0.26160089885854615,-0.07494919745713327,5.614583333333333,1.5736753137339214
4eb43aa7f89260bb40b3970a45a82678,153,0.6802197388266534,0.6759499457343301,0.22846189699049424,1.9150326797385622,1.1022716437928595
514278711fcdb6dfb235c03a3aa38ee3,196,0.6498068907685957,0.34086297534006266,0.4800896164391014,5.535714285714286,1.306869604537999
523edc3414996c8e52eb14f20c93fe96,49,0.8795447879396464,0.12167792917562402,-0.2092379381636815,3.510204081632653,1.5534352844069441
571d66ea4abfb694d9bb1281d7701710,57,0.8452241450556762,0.3635792144715776,-0.1643578789684709,4.947368421052632,1.8297833505308663
5bdea9864567a8614b659bf4b2132ab0,52,0.6862427174462867,0.4144271524689387,0.007350903638792659,5.576923076923077,1.5360558113627585
6010bbc8e7ef4b21fa38f9c3a9754ef3,267,0.7713730804308002,0.2663378337045174,0.28275319471885474,4.902621722846442,1.5787305439227541
607f6e34a0b5923333f6b16d3a59cc98,691,0.7367313039189423,0.6322499426481701,0.0747989689980662,4.0390738060781475,1.5601518568875814
64cae7b86c7dcb1b40d17e43c0c2109e,214,0.883245584078909,0.5889976121883626,0.4034992320738173,4.397196261682243,2.4753346962941425
6b492acb1838463dc7c07a76b26313c4,138,0.7732100557125959,0.4466391166528505,0.10810046052902425,5.594202898550725,2.069928519242683
6ca7c27715f54e2f47ebe4e1c9dcf842,41,0.6891336107554359,0.5408792733428336,-0.18750004559037162,5.7317073170731705,1.5776547930532907
78b5e9744073532cc376976b5fc6b2fc,493,0.7662670453669295,0.6415327802485247,0.08570870102437506,5.787018255578094,1.5683461896079605
7cecbffe1da5ae974952db6c13695afe,277,0.3882255978202731,0.2390882536343512,0.6442168449741664,5.35740072202166,1.0047133120556637
883449004b1bf2a07a284f59ddae1fd7,114,0.7612321815768371,0.6117661296210614,-0.2578270505998458,3.482456140350877,1.7880326154858708
8dcd4de7be6479561269b90c1dc8a3b4,240,0.7128105191412818,0.35797695729547585,-0.03921603131872949,6.0625,1.821243279557493
949fcd0caf9d4b51a280acfbcd5e8e80,43,0.8285256374978649,0.14302446176910155,-0.578444864326138,6.0,1.200774943574473
94d7a0f7c8f2e1c714b0649f835c538c,108,0.7149109783604586,0.29801473626818753,0.3213692571397425,5.166666666666667,0.7993052538854531
9c8073214a052e414811b76012df8847,116,0.8454578757933505,0.5242041286205763,0.36216793723865026,5.017241379310345,2.304354044504812
9d1aa48692579ca9330d3c61d10e22e6,55,0.7367725516981273,0.431824372622949,-0.2180210741473007,5.418181818181818,1.4102341403392957
a00de41fdf121f6dfe5db851a575d2d1,81,0.7574614164244725,0.5045038597628844,0.2643811423253583,5.9753086419753085,2.072603829277364
a30d244141cb2f51e0803e79bc4bd147,713,0.5570058527229452,0.45895941925464856,0.22008836322841974,4.855539971949509,1.6082364340871602
accbf566ae920d6260d28454e1ee0d6a,315,0.8261469637912869,0.7282788263793799,0.37522118843679836,4.784126984126984,1.9658356879782706
ae0b751438f08bb474e5cd3e48e0d417,50,0.8019589543375215,0.5708044319286198,0.2246696254778634,3.92,1.507846145997661
b09a5957e5d5e47e556d203529a0ae6d,499,0.7880539628679727,0.6745414662121483,0.30006373782224177,4.330661322645291,1.9005541232698453
b36ffffcd1831441a2a3b60919312ccd,99,0.8010209926448847,0.61503280065166,0.3675638712093685,4.808080808080808,1.8294822785726752
bb50b45a1874ede476874bd57e4cabb4,95,0.6505332422323897,0.5025011650958646,0.24822435615266497,4.347368421052631,2.0404768330885776
bf34e3c5724ce07d29ef12db5f767258,165,0.7575715519157752,0.4677134813746951,-0.08253993288958673,4.872727272727273,1.444587122994963
cbc86e332e889251fe0fa71df472f202,107,0.7425855757138524,0.18597378180985297,-0.07223389902624804,5.130841121495327,1.6860289692167199
d4d0cd1ae06f54909291d34ddd6ab497,58,0.700799727980825,0.4070235873204246,-0.03806241368328163,3.103448275862069,1.2957444295210991
d5cf45435e35cb9166f51f0a55b74a0e,59,0.8507124902753834,0.7725059513904774,0.43793407280894286,4.271186440677966,2.370943518650266
d8e56509dc582df255732a0170323231,43,0.7834598284059687,0.25318366867943326,-0.07745789723646175,5.465116279069767,1.7829794401937438
de0b07c32bb6ca4655487026e0f3fc38,47,0.871759555765787,0.3624755770007564,0.06694635342030353,5.276595744680851,2.515501960478938
de2b2c35312ac2f0a8510743742c0219,670,0.8588439067197828,0.8010696568302698,0.6541272311526416,4.988059701492538,2.861453674404688
eca1130f44cd2e17645e40a0fa2ef59b,732,0.8166153952490817,0.7141825302926561,0.0886305790368225,5.0969945355191255,1.3337328916239741
ed7ed76453bd846859f5e6b9149df276,515,0.7640546875163154,0.6011191017063986,0.11119245497292647,4.980582524271845,1.9477673677618432
fd4cc3ae7434a18286204f133b490502,49,0.6246774706534184,0.04454906911099385,0.20539410905678868,5.857142857142857,0.8081220356417685
fd5b08ce362d855ca9152a894348130c,137,0.17831492244817587,-0.15601406219899103,0.1362315333429072,5.218978102189781,1.0988735338136533
ff9c1993d2a21f2117c30d8e295dd4ac,459,0.753545537332407,0.6490236026237117,0.25128949576058734,3.840958605664488,1.2201914009414214
