feature,p_RF,sig_RF,p_XGBoost,sig_XGBoost,calibrated
spec_flatness_std,0.004975124378109453,True,0.004975124378109453,True,True
spec_contrast5_p10,0.004975124378109453,True,0.004975124378109453,True,True
spec_contrast6_p50,0.004975124378109453,True,0.004975124378109453,True,True
mfcc1_std,0.004975124378109453,True,0.004975124378109453,True,True
onset_env_dmean,0.004975124378109453,True,0.004975124378109453,True,True
rms_mean,0.004975124378109453,True,0.004975124378109453,True,True
spec_contrast2_mean,0.004975124378109453,True,0.009950248756218905,True,True
low_energy_ratio,0.004975124378109453,True,0.024875621890547265,False,False
f0_p10,0.004975124378109453,True,0.024875621890547265,False,False
onset_env_p90,0.004975124378109453,True,0.029850746268656716,False,False
onset_env_std,0.004975124378109453,True,0.029850746268656716,False,False
mfcc2_mean,0.004975124378109453,True,0.07960199004975124,False,False
rms_p50,0.004975124378109453,True,0.2537313432835821,False,False
spec_contrast2_p50,0.004975124378109453,True,0.34328358208955223,False,False
zcr_p10,0.004975124378109453,True,0.7164179104477612,False,False
rms_p90,0.004975124378109453,True,1.0,False,False
onset_env_p10,0.009950248756218905,True,0.004975124378109453,True,True
spec_contrast5_p50,0.009950248756218905,True,0.004975124378109453,True,True
spec_contrast2_p10,0.009950248756218905,True,0.03980099502487562,False,False
spec_contrast2_p90,0.009950248756218905,True,0.26865671641791045,False,False
zcr_p50,0.009950248756218905,True,0.9900497512437811,False,False
spec_contrast6_p10,0.014925373134328358,True,0.009950248756218905,True,True
spec_contrast3_dmean,0.024875621890547265,False,0.15920398009950248,False,False
spec_contrast5_mean,0.024875621890547265,False,0.22885572139303484,False,False
rms_std,0.029850746268656716,False,0.11940298507462686,False,False
spec_contrast3_p50,0.029850746268656716,False,0.38308457711442784,False,False
harsh_energy_ratio,0.03980099502487562,False,0.9751243781094527,False,False
zcr_mean,0.04477611940298507,False,0.9850746268656716,False,False
spec_contrast4_p50,0.05970149253731343,False,0.1044776119402985,False,False
mfcc2_std,0.05970149253731343,False,0.9353233830845771,False,False
spec_rolloff_dmean,0.06467661691542288,False,0.009950248756218905,True,False
onset_rate,0.06467661691542288,False,0.4079601990049751,False,False
spec_contrast0_dmean,0.06965174129353234,False,0.004975124378109453,True,False
spec_contrast4_p10,0.07462686567164178,False,0.03482587064676617,False,False
mfcc5_mean,0.08955223880597014,False,0.38308457711442784,False,False
spec_bandwidth_p90,0.10945273631840796,False,0.014925373134328358,False,False
rms_p10,0.10945273631840796,False,0.9950248756218906,False,False
spec_bandwidth_mean,0.12437810945273632,False,0.25870646766169153,False,False
spec_contrast6_mean,0.13432835820895522,False,0.3482587064676617,False,False
mfcc7_mean,0.14925373134328357,False,0.9950248756218906,False,False
spec_contrast2_std,0.15920398009950248,False,0.7064676616915423,False,False
mfcc8_mean,0.17412935323383086,False,0.48258706467661694,False,False
spec_contrast3_mean,0.19900497512437812,False,0.9950248756218906,False,False
spec_contrast3_p10,0.21393034825870647,False,0.746268656716418,False,False
spec_contrast1_p90,0.22388059701492538,False,0.36318407960199006,False,False
rms_dmean,0.23880597014925373,False,0.746268656716418,False,False
spec_bandwidth_p50,0.23880597014925373,False,0.9900497512437811,False,False
spec_contrast4_mean,0.25870646766169153,False,0.9154228855721394,False,False
spec_bandwidth_dmean,0.2835820895522388,False,0.024875621890547265,False,False
zcr_std,0.2935323383084577,False,0.3482587064676617,False,False
spec_rolloff_std,0.29850746268656714,False,0.13432835820895522,False,False
spec_contrast0_std,0.34328358208955223,False,0.9253731343283582,False,False
mfcc11_mean,0.3681592039800995,False,0.6268656716417911,False,False
spec_contrast1_mean,0.38308457711442784,False,0.1691542288557214,False,False
spec_bandwidth_std,0.4079601990049751,False,0.47761194029850745,False,False
spec_rolloff_p90,0.472636815920398,False,0.1044776119402985,False,False
spec_contrast3_p90,0.472636815920398,False,1.0,False,False
spec_contrast4_p90,0.4975124378109453,False,0.5124378109452736,False,False
f0_p50,0.5124378109452736,False,0.9353233830845771,False,False
f0_std,0.5522388059701493,False,0.24875621890547264,False,False
mfcc6_std,0.5522388059701493,False,0.36318407960199006,False,False
mfcc6_mean,0.572139303482587,False,0.3383084577114428,False,False
mfcc13_std,0.5771144278606966,False,0.6915422885572139,False,False
spec_contrast1_p10,0.5920398009950248,False,0.5223880597014925,False,False
spec_centroid_std,0.6218905472636815,False,0.9054726368159204,False,False
spec_centroid_dmean,0.6218905472636815,False,0.9253731343283582,False,False
mfcc4_std,0.6268656716417911,False,0.2885572139303483,False,False
tempo,0.6616915422885572,False,0.8656716417910447,False,False
spec_contrast3_std,0.681592039800995,False,0.8955223880597015,False,False
spec_contrast1_p50,0.7064676616915423,False,0.3482587064676617,False,False
onset_env_mean,0.7114427860696517,False,0.9850746268656716,False,False
spec_bandwidth_p10,0.7213930348258707,False,0.7611940298507462,False,False
spec_contrast2_dmean,0.7562189054726368,False,0.8706467661691543,False,False
spec_contrast6_std,0.7611940298507462,False,0.014925373134328358,False,False
mfcc4_mean,0.7711442786069652,False,0.6467661691542289,False,False
zcr_p90,0.7761194029850746,False,0.9850746268656716,False,False
zcr_dmean,0.7860696517412935,False,0.09950248756218906,False,False
spec_contrast6_p90,0.7910447761194029,False,0.9203980099502488,False,False
spec_contrast0_p90,0.845771144278607,False,0.4626865671641791,False,False
spec_contrast5_p90,0.8507462686567164,False,0.736318407960199,False,False
mfcc3_std,0.8656716417910447,False,0.4527363184079602,False,False
onset_env_p50,0.8706467661691543,False,0.9900497512437811,False,False
spec_flatness_p10,0.8905472636815921,False,0.19900497512437812,False,False
spec_contrast4_dmean,0.9104477611940298,False,0.9800995024875622,False,False
mfcc12_mean,0.9203980099502488,False,0.9552238805970149,False,False
spec_contrast6_dmean,0.9353233830845771,False,0.6218905472636815,False,False
mfcc11_std,0.9402985074626866,False,0.9104477611940298,False,False
mfcc9_std,0.9502487562189055,False,0.572139303482587,False,False
spec_contrast5_std,0.9552238805970149,False,0.8656716417910447,False,False
mfcc3_mean,0.9601990049751243,False,0.6716417910447762,False,False
spec_rolloff_p50,0.9601990049751243,False,0.736318407960199,False,False
spec_rolloff_p10,0.9800995024875622,False,0.004975124378109453,True,False
spec_contrast4_std,0.9800995024875622,False,0.5671641791044776,False,False
slope_1f,0.9800995024875622,False,0.7313432835820896,False,False
mfcc13_mean,0.9800995024875622,False,0.8109452736318408,False,False
spec_centroid_p90,0.9800995024875622,False,0.9203980099502488,False,False
mfcc1_mean,0.9850746268656716,False,0.27860696517412936,False,False
f0_dmean,0.9900497512437811,False,0.9601990049751243,False,False
spec_contrast0_mean,0.9900497512437811,False,1.0,False,False
spec_contrast1_std,0.9950248756218906,False,0.7014925373134329,False,False
mfcc7_std,0.9950248756218906,False,1.0,False,False
spec_centroid_p10,1.0,False,0.05472636815920398,False,False
mfcc9_mean,1.0,False,0.19900497512437812,False,False
mfcc12_std,1.0,False,0.21890547263681592,False,False
spec_rolloff_mean,1.0,False,0.3880597014925373,False,False
spec_centroid_p50,1.0,False,0.4626865671641791,False,False
spec_flatness_p50,1.0,False,0.5472636815920398,False,False
spec_contrast1_dmean,1.0,False,0.7114427860696517,False,False
pulse_clarity,1.0,False,0.7213930348258707,False,False
spec_contrast0_p10,1.0,False,0.7611940298507462,False,False
mfcc8_std,1.0,False,0.7711442786069652,False,False
mfcc10_std,1.0,False,0.835820895522388,False,False
spec_centroid_mean,1.0,False,0.8407960199004975,False,False
spec_flatness_mean,1.0,False,0.900497512437811,False,False
mfcc10_mean,1.0,False,0.9601990049751243,False,False
spec_flatness_p90,1.0,False,0.9701492537313433,False,False
spec_flatness_dmean,1.0,False,0.9900497512437811,False,False
spec_contrast5_dmean,1.0,False,0.9950248756218906,False,False
f0_mean,1.0,False,0.9950248756218906,False,False
spec_contrast0_p50,1.0,False,1.0,False,False
f0_p90,1.0,False,1.0,False,False
mfcc5_std,1.0,False,1.0,False,False
